[
{
  "model": "admin.logentry",
  "pk": 1,
  "fields": {
    "action_time": "2025-04-02T09:03:23.021Z",
    "user": 11,
    "content_type": 7,
    "object_id": "11",
    "object_repr": "admin",
    "action_flag": 2,
    "change_message": "[{\"changed\": {\"fields\": [\"First name\", \"Last name\"]}}]"
  }
},
{
  "model": "admin.logentry",
  "pk": 2,
  "fields": {
    "action_time": "2025-04-02T09:07:08.607Z",
    "user": 11,
    "content_type": 7,
    "object_id": "12",
    "object_repr": "Anton",
    "action_flag": 1,
    "change_message": "[{\"added\": {}}]"
  }
},
{
  "model": "admin.logentry",
  "pk": 3,
  "fields": {
    "action_time": "2025-04-02T09:11:25.374Z",
    "user": 11,
    "content_type": 6,
    "object_id": "1",
    "object_repr": "ToyClub object (1)",
    "action_flag": 1,
    "change_message": "[{\"added\": {}}]"
  }
},
{
  "model": "admin.logentry",
  "pk": 4,
  "fields": {
    "action_time": "2025-04-02T09:11:34.945Z",
    "user": 11,
    "content_type": 6,
    "object_id": "1",
    "object_repr": "ToyClub object (1)",
    "action_flag": 2,
    "change_message": "[{\"changed\": {\"fields\": [\"Unique number\"]}}]"
  }
},
{
  "model": "admin.logentry",
  "pk": 5,
  "fields": {
    "action_time": "2025-04-02T09:28:14.772Z",
    "user": 11,
    "content_type": 6,
    "object_id": "2",
    "object_repr": "silver",
    "action_flag": 1,
    "change_message": "[{\"added\": {}}]"
  }
},
{
  "model": "admin.logentry",
  "pk": 6,
  "fields": {
    "action_time": "2025-04-02T09:28:38.307Z",
    "user": 11,
    "content_type": 6,
    "object_id": "3",
    "object_repr": "gold",
    "action_flag": 1,
    "change_message": "[{\"added\": {}}]"
  }
},
{
  "model": "admin.logentry",
  "pk": 7,
  "fields": {
    "action_time": "2025-04-02T09:31:44.668Z",
    "user": 11,
    "content_type": 6,
    "object_id": "4",
    "object_repr": "gold",
    "action_flag": 1,
    "change_message": "[{\"added\": {}}]"
  }
},
{
  "model": "admin.logentry",
  "pk": 8,
  "fields": {
    "action_time": "2025-04-02T09:32:08.270Z",
    "user": 11,
    "content_type": 7,
    "object_id": "11",
    "object_repr": "admin",
    "action_flag": 2,
    "change_message": "[{\"changed\": {\"fields\": [\"Toy club\"]}}]"
  }
},
{
  "model": "admin.logentry",
  "pk": 9,
  "fields": {
    "action_time": "2025-04-05T10:54:38.793Z",
    "user": 11,
    "content_type": 7,
    "object_id": "11",
    "object_repr": "admin",
    "action_flag": 2,
    "change_message": "[{\"changed\": {\"fields\": [\"Shop admin\"]}}]"
  }
},
{
  "model": "auth.permission",
  "pk": 1,
  "fields": {
    "name": "Can add log entry",
    "content_type": 1,
    "codename": "add_logentry"
  }
},
{
  "model": "auth.permission",
  "pk": 2,
  "fields": {
    "name": "Can change log entry",
    "content_type": 1,
    "codename": "change_logentry"
  }
},
{
  "model": "auth.permission",
  "pk": 3,
  "fields": {
    "name": "Can delete log entry",
    "content_type": 1,
    "codename": "delete_logentry"
  }
},
{
  "model": "auth.permission",
  "pk": 4,
  "fields": {
    "name": "Can view log entry",
    "content_type": 1,
    "codename": "view_logentry"
  }
},
{
  "model": "auth.permission",
  "pk": 5,
  "fields": {
    "name": "Can add permission",
    "content_type": 2,
    "codename": "add_permission"
  }
},
{
  "model": "auth.permission",
  "pk": 6,
  "fields": {
    "name": "Can change permission",
    "content_type": 2,
    "codename": "change_permission"
  }
},
{
  "model": "auth.permission",
  "pk": 7,
  "fields": {
    "name": "Can delete permission",
    "content_type": 2,
    "codename": "delete_permission"
  }
},
{
  "model": "auth.permission",
  "pk": 8,
  "fields": {
    "name": "Can view permission",
    "content_type": 2,
    "codename": "view_permission"
  }
},
{
  "model": "auth.permission",
  "pk": 9,
  "fields": {
    "name": "Can add group",
    "content_type": 3,
    "codename": "add_group"
  }
},
{
  "model": "auth.permission",
  "pk": 10,
  "fields": {
    "name": "Can change group",
    "content_type": 3,
    "codename": "change_group"
  }
},
{
  "model": "auth.permission",
  "pk": 11,
  "fields": {
    "name": "Can delete group",
    "content_type": 3,
    "codename": "delete_group"
  }
},
{
  "model": "auth.permission",
  "pk": 12,
  "fields": {
    "name": "Can view group",
    "content_type": 3,
    "codename": "view_group"
  }
},
{
  "model": "auth.permission",
  "pk": 13,
  "fields": {
    "name": "Can add content type",
    "content_type": 4,
    "codename": "add_contenttype"
  }
},
{
  "model": "auth.permission",
  "pk": 14,
  "fields": {
    "name": "Can change content type",
    "content_type": 4,
    "codename": "change_contenttype"
  }
},
{
  "model": "auth.permission",
  "pk": 15,
  "fields": {
    "name": "Can delete content type",
    "content_type": 4,
    "codename": "delete_contenttype"
  }
},
{
  "model": "auth.permission",
  "pk": 16,
  "fields": {
    "name": "Can view content type",
    "content_type": 4,
    "codename": "view_contenttype"
  }
},
{
  "model": "auth.permission",
  "pk": 17,
  "fields": {
    "name": "Can add session",
    "content_type": 5,
    "codename": "add_session"
  }
},
{
  "model": "auth.permission",
  "pk": 18,
  "fields": {
    "name": "Can change session",
    "content_type": 5,
    "codename": "change_session"
  }
},
{
  "model": "auth.permission",
  "pk": 19,
  "fields": {
    "name": "Can delete session",
    "content_type": 5,
    "codename": "delete_session"
  }
},
{
  "model": "auth.permission",
  "pk": 20,
  "fields": {
    "name": "Can view session",
    "content_type": 5,
    "codename": "view_session"
  }
},
{
  "model": "auth.permission",
  "pk": 21,
  "fields": {
    "name": "Can add toy club",
    "content_type": 6,
    "codename": "add_toyclub"
  }
},
{
  "model": "auth.permission",
  "pk": 22,
  "fields": {
    "name": "Can change toy club",
    "content_type": 6,
    "codename": "change_toyclub"
  }
},
{
  "model": "auth.permission",
  "pk": 23,
  "fields": {
    "name": "Can delete toy club",
    "content_type": 6,
    "codename": "delete_toyclub"
  }
},
{
  "model": "auth.permission",
  "pk": 24,
  "fields": {
    "name": "Can view toy club",
    "content_type": 6,
    "codename": "view_toyclub"
  }
},
{
  "model": "auth.permission",
  "pk": 25,
  "fields": {
    "name": "Can add user",
    "content_type": 7,
    "codename": "add_user"
  }
},
{
  "model": "auth.permission",
  "pk": 26,
  "fields": {
    "name": "Can change user",
    "content_type": 7,
    "codename": "change_user"
  }
},
{
  "model": "auth.permission",
  "pk": 27,
  "fields": {
    "name": "Can delete user",
    "content_type": 7,
    "codename": "delete_user"
  }
},
{
  "model": "auth.permission",
  "pk": 28,
  "fields": {
    "name": "Can view user",
    "content_type": 7,
    "codename": "view_user"
  }
},
{
  "model": "auth.permission",
  "pk": 29,
  "fields": {
    "name": "Can add order",
    "content_type": 8,
    "codename": "add_order"
  }
},
{
  "model": "auth.permission",
  "pk": 30,
  "fields": {
    "name": "Can change order",
    "content_type": 8,
    "codename": "change_order"
  }
},
{
  "model": "auth.permission",
  "pk": 31,
  "fields": {
    "name": "Can delete order",
    "content_type": 8,
    "codename": "delete_order"
  }
},
{
  "model": "auth.permission",
  "pk": 32,
  "fields": {
    "name": "Can view order",
    "content_type": 8,
    "codename": "view_order"
  }
},
{
  "model": "auth.permission",
  "pk": 33,
  "fields": {
    "name": "Can add category",
    "content_type": 9,
    "codename": "add_category"
  }
},
{
  "model": "auth.permission",
  "pk": 34,
  "fields": {
    "name": "Can change category",
    "content_type": 9,
    "codename": "change_category"
  }
},
{
  "model": "auth.permission",
  "pk": 35,
  "fields": {
    "name": "Can delete category",
    "content_type": 9,
    "codename": "delete_category"
  }
},
{
  "model": "auth.permission",
  "pk": 36,
  "fields": {
    "name": "Can view category",
    "content_type": 9,
    "codename": "view_category"
  }
},
{
  "model": "auth.permission",
  "pk": 37,
  "fields": {
    "name": "Can add toy",
    "content_type": 10,
    "codename": "add_toy"
  }
},
{
  "model": "auth.permission",
  "pk": 38,
  "fields": {
    "name": "Can change toy",
    "content_type": 10,
    "codename": "change_toy"
  }
},
{
  "model": "auth.permission",
  "pk": 39,
  "fields": {
    "name": "Can delete toy",
    "content_type": 10,
    "codename": "delete_toy"
  }
},
{
  "model": "auth.permission",
  "pk": 40,
  "fields": {
    "name": "Can view toy",
    "content_type": 10,
    "codename": "view_toy"
  }
},
{
  "model": "auth.permission",
  "pk": 41,
  "fields": {
    "name": "Can add cart",
    "content_type": 11,
    "codename": "add_cart"
  }
},
{
  "model": "auth.permission",
  "pk": 42,
  "fields": {
    "name": "Can change cart",
    "content_type": 11,
    "codename": "change_cart"
  }
},
{
  "model": "auth.permission",
  "pk": 43,
  "fields": {
    "name": "Can delete cart",
    "content_type": 11,
    "codename": "delete_cart"
  }
},
{
  "model": "auth.permission",
  "pk": 44,
  "fields": {
    "name": "Can view cart",
    "content_type": 11,
    "codename": "view_cart"
  }
},
{
  "model": "auth.permission",
  "pk": 45,
  "fields": {
    "name": "Can add cart item",
    "content_type": 12,
    "codename": "add_cartitem"
  }
},
{
  "model": "auth.permission",
  "pk": 46,
  "fields": {
    "name": "Can change cart item",
    "content_type": 12,
    "codename": "change_cartitem"
  }
},
{
  "model": "auth.permission",
  "pk": 47,
  "fields": {
    "name": "Can delete cart item",
    "content_type": 12,
    "codename": "delete_cartitem"
  }
},
{
  "model": "auth.permission",
  "pk": 48,
  "fields": {
    "name": "Can view cart item",
    "content_type": 12,
    "codename": "view_cartitem"
  }
},
{
  "model": "auth.permission",
  "pk": 49,
  "fields": {
    "name": "Can add wish list",
    "content_type": 13,
    "codename": "add_wishlist"
  }
},
{
  "model": "auth.permission",
  "pk": 50,
  "fields": {
    "name": "Can change wish list",
    "content_type": 13,
    "codename": "change_wishlist"
  }
},
{
  "model": "auth.permission",
  "pk": 51,
  "fields": {
    "name": "Can delete wish list",
    "content_type": 13,
    "codename": "delete_wishlist"
  }
},
{
  "model": "auth.permission",
  "pk": 52,
  "fields": {
    "name": "Can view wish list",
    "content_type": 13,
    "codename": "view_wishlist"
  }
},
{
  "model": "auth.permission",
  "pk": 53,
  "fields": {
    "name": "Can add wish list item",
    "content_type": 14,
    "codename": "add_wishlistitem"
  }
},
{
  "model": "auth.permission",
  "pk": 54,
  "fields": {
    "name": "Can change wish list item",
    "content_type": 14,
    "codename": "change_wishlistitem"
  }
},
{
  "model": "auth.permission",
  "pk": 55,
  "fields": {
    "name": "Can delete wish list item",
    "content_type": 14,
    "codename": "delete_wishlistitem"
  }
},
{
  "model": "auth.permission",
  "pk": 56,
  "fields": {
    "name": "Can view wish list item",
    "content_type": 14,
    "codename": "view_wishlistitem"
  }
},
{
  "model": "contenttypes.contenttype",
  "pk": 1,
  "fields": {
    "app_label": "admin",
    "model": "logentry"
  }
},
{
  "model": "contenttypes.contenttype",
  "pk": 2,
  "fields": {
    "app_label": "auth",
    "model": "permission"
  }
},
{
  "model": "contenttypes.contenttype",
  "pk": 3,
  "fields": {
    "app_label": "auth",
    "model": "group"
  }
},
{
  "model": "contenttypes.contenttype",
  "pk": 4,
  "fields": {
    "app_label": "contenttypes",
    "model": "contenttype"
  }
},
{
  "model": "contenttypes.contenttype",
  "pk": 5,
  "fields": {
    "app_label": "sessions",
    "model": "session"
  }
},
{
  "model": "contenttypes.contenttype",
  "pk": 6,
  "fields": {
    "app_label": "customers",
    "model": "toyclub"
  }
},
{
  "model": "contenttypes.contenttype",
  "pk": 7,
  "fields": {
    "app_label": "customers",
    "model": "user"
  }
},
{
  "model": "contenttypes.contenttype",
  "pk": 8,
  "fields": {
    "app_label": "order",
    "model": "order"
  }
},
{
  "model": "contenttypes.contenttype",
  "pk": 9,
  "fields": {
    "app_label": "toys",
    "model": "category"
  }
},
{
  "model": "contenttypes.contenttype",
  "pk": 10,
  "fields": {
    "app_label": "toys",
    "model": "toy"
  }
},
{
  "model": "contenttypes.contenttype",
  "pk": 11,
  "fields": {
    "app_label": "cart",
    "model": "cart"
  }
},
{
  "model": "contenttypes.contenttype",
  "pk": 12,
  "fields": {
    "app_label": "cart",
    "model": "cartitem"
  }
},
{
  "model": "contenttypes.contenttype",
  "pk": 13,
  "fields": {
    "app_label": "wishlist",
    "model": "wishlist"
  }
},
{
  "model": "contenttypes.contenttype",
  "pk": 14,
  "fields": {
    "app_label": "wishlist",
    "model": "wishlistitem"
  }
},
{
  "model": "sessions.session",
  "pk": "2yj7ik9k7bzsj0sruu68tcfitsfjqcds",
  "fields": {
    "session_data": ".eJxVjDsOwjAQBe_iGlleJ94klPScwdpfSADFUj4V4u4QKQW0b2bey2Xa1iFvi815VHd2AO70OzLJw6ad6J2mW_FSpnUe2e-KP-jir0XteTncv4OBluFbm2JPiFgnqlPoawGLFaC20hm2BE0XIErTcWDoq0pCikgRmTVxm9Tc-wP_xzf6:1u18B2:jrzDUkj9l5344aQBjiYx-XT9GRh46CgYvHnStY4S5ro",
    "expire_date": "2025-04-19T18:23:32.796Z"
  }
},
{
  "model": "sessions.session",
  "pk": "39x5uh9xmnn6q0b9mv2xoo1bl4pmphlf",
  "fields": {
    "session_data": "eyJudW1fdmlzaXRzIjoxfQ:1u0I24:sNq1-uyaK3W-H-6IhAyhaebo4JXoJLIFbCLbbzL00ns",
    "expire_date": "2025-04-17T10:42:48.433Z"
  }
},
{
  "model": "sessions.session",
  "pk": "7w4qapru4ea23b578ergs3pviv56s1hx",
  "fields": {
    "session_data": ".eJxVjDsOgzAQBe-ydWTZBi-GMn3OYK29S3A-RsKQJsrdk0g0tG9m3hvK9gyvXPNaYbDeniDQtk5hq7KEzDCAMXAYI6W7lD_hG5XrrNJc1iVH9VfUTqu6zCyP8-4eDiaq068WxpEQsXXUOj22yYhtDLJPvaAn0_Xa2NT1UUczNk3SziJZjJFd9I4FPl_7zz2R:1u0acn:AwcLuLrEdTckAvC2XkU6ncA2RZer6frBkxGcYEuI1cI",
    "expire_date": "2025-04-18T06:33:57.744Z"
  }
},
{
  "model": "sessions.session",
  "pk": "n6144y3hx5rnjg6mkmjw3ghil3xju1fh",
  "fields": {
    "session_data": ".eJxVjDsOwjAQBe_iGlleJ94klPScwdpfSADFUj4V4u4QKQW0b2bey2Xa1iFvi815VHd2AO70OzLJw6ad6J2mW_FSpnUe2e-KP-jir0XteTncv4OBluFbm2JPiFgnqlPoawGLFaC20hm2BE0XIErTcWDoq0pCikgRmTVxm9Tc-wP_xzf6:1u1159:VZ77OMsqNz1O0mCAMZQfRlYUhEKRGUTTRcecQWb6Sq0",
    "expire_date": "2025-04-19T10:48:59.568Z"
  }
},
{
  "model": "sessions.session",
  "pk": "ph2enfth5892v9eibh33h7ir0zqqau2a",
  "fields": {
    "session_data": "eyJudW1fdmlzaXRzIjoxfQ:1u0cMt:hpk1BOxOqLcakJVYsgS_6M_pOFcDUEXQWjewmzisnlA",
    "expire_date": "2025-04-18T08:25:39.163Z"
  }
},
{
  "model": "sessions.session",
  "pk": "u47sguyv38pq3iocnfadowjvxt6mijxt",
  "fields": {
    "session_data": ".eJxVjDsOwjAQBe_iGlleJ94klPScwdpfSADFUj4V4u4QKQW0b2bey2Xa1iFvi815VHd2AO70OzLJw6ad6J2mW_FSpnUe2e-KP-jir0XteTncv4OBluFbm2JPiFgnqlPoawGLFaC20hm2BE0XIErTcWDoq0pCikgRmTVxm9Tc-wP_xzf6:1u12mX:jq9DY6_lAfchxDVS3N3eXD6sr3zELNY2NyILno6MaEU",
    "expire_date": "2025-04-19T12:37:53.368Z"
  }
},
{
  "model": "customers.toyclub",
  "pk": 1,
  "fields": {
    "level": "bronze",
    "unique_number": "ABC12345",
    "created_at": "2025-04-02T09:11:25.372Z",
    "updated_at": "2025-04-02T09:11:34.929Z"
  }
},
{
  "model": "customers.toyclub",
  "pk": 2,
  "fields": {
    "level": "silver",
    "unique_number": "BBC12345",
    "created_at": "2025-04-02T09:28:14.771Z",
    "updated_at": "2025-04-02T09:28:14.771Z"
  }
},
{
  "model": "customers.toyclub",
  "pk": 3,
  "fields": {
    "level": "gold",
    "unique_number": "CBA12345",
    "created_at": "2025-04-02T09:28:38.305Z",
    "updated_at": "2025-04-02T09:28:38.305Z"
  }
},
{
  "model": "customers.toyclub",
  "pk": 4,
  "fields": {
    "level": "gold",
    "unique_number": "â³ôâ123321",
    "created_at": "2025-04-02T09:31:44.667Z",
    "updated_at": "2025-04-02T09:31:44.667Z"
  }
},
{
  "model": "customers.user",
  "pk": 1,
  "fields": {
    "password": "pbkdf2_sha256$260000$JpRSwvWoxxhWYuIRzcoFFi$mJ9+oDUBvI7UvODbEtb5L9tz5Uif2U9hylJmKNg6sVc=",
    "last_login": null,
    "is_superuser": false,
    "username": "johnsmith",
    "first_name": "John",
    "last_name": "Smith",
    "email": "johnsmith@example.com",
    "is_staff": false,
    "is_active": true,
    "date_joined": "2025-04-01T18:01:19.520Z",
    "shop_admin": false,
    "join_date": "2025-04-01T10:56:44.950Z",
    "updated_at": "2025-04-01T17:49:09.950Z",
    "toy_club": null,
    "groups": [],
    "user_permissions": []
  }
},
{
  "model": "customers.user",
  "pk": 2,
  "fields": {
    "password": "pbkdf2_sha256$260000$JpRSwvWoxxhWYuIRzcoFFi$mJ9+oDUBvI7UvODbEtb5L9tz5Uif2U9hylJmKNg6sVc=",
    "last_login": null,
    "is_superuser": false,
    "username": "emilyjones",
    "first_name": "Emily",
    "last_name": "Jones",
    "email": "emilyjones@example.com",
    "is_staff": false,
    "is_active": true,
    "date_joined": "2025-04-01T18:01:19.521Z",
    "shop_admin": false,
    "join_date": "2025-04-01T10:56:44.950Z",
    "updated_at": "2025-04-01T17:49:09.950Z",
    "toy_club": null,
    "groups": [],
    "user_permissions": []
  }
},
{
  "model": "customers.user",
  "pk": 3,
  "fields": {
    "password": "pbkdf2_sha256$260000$JpRSwvWoxxhWYuIRzcoFFi$mJ9+oDUBvI7UvODbEtb5L9tz5Uif2U9hylJmKNg6sVc=",
    "last_login": null,
    "is_superuser": false,
    "username": "michaelbrown",
    "first_name": "Michael",
    "last_name": "Brown",
    "email": "michaelbrown@example.com",
    "is_staff": false,
    "is_active": true,
    "date_joined": "2025-04-01T18:01:19.522Z",
    "shop_admin": false,
    "join_date": "2025-04-01T10:56:44.950Z",
    "updated_at": "2025-04-01T17:49:09.950Z",
    "toy_club": null,
    "groups": [],
    "user_permissions": []
  }
},
{
  "model": "customers.user",
  "pk": 4,
  "fields": {
    "password": "pbkdf2_sha256$260000$JpRSwvWoxxhWYuIRzcoFFi$mJ9+oDUBvI7UvODbEtb5L9tz5Uif2U9hylJmKNg6sVc=",
    "last_login": null,
    "is_superuser": false,
    "username": "sarahjohnson",
    "first_name": "Sarah",
    "last_name": "Johnson",
    "email": "sarahjohnson@example.com",
    "is_staff": false,
    "is_active": true,
    "date_joined": "2025-04-01T18:01:19.522Z",
    "shop_admin": false,
    "join_date": "2025-04-01T10:56:44.950Z",
    "updated_at": "2025-04-01T17:49:09.950Z",
    "toy_club": null,
    "groups": [],
    "user_permissions": []
  }
},
{
  "model": "customers.user",
  "pk": 5,
  "fields": {
    "password": "pbkdf2_sha256$260000$JpRSwvWoxxhWYuIRzcoFFi$mJ9+oDUBvI7UvODbEtb5L9tz5Uif2U9hylJmKNg6sVc=",
    "last_login": null,
    "is_superuser": false,
    "username": "davidlee",
    "first_name": "David",
    "last_name": "Lee",
    "email": "davidlee@example.com",
    "is_staff": false,
    "is_active": true,
    "date_joined": "2025-04-01T18:01:19.523Z",
    "shop_admin": false,
    "join_date": "2025-04-01T10:56:44.950Z",
    "updated_at": "2025-04-01T17:49:09.950Z",
    "toy_club": null,
    "groups": [],
    "user_permissions": []
  }
},
{
  "model": "customers.user",
  "pk": 6,
  "fields": {
    "password": "pbkdf2_sha256$260000$JpRSwvWoxxhWYuIRzcoFFi$mJ9+oDUBvI7UvODbEtb5L9tz5Uif2U9hylJmKNg6sVc=",
    "last_login": null,
    "is_superuser": false,
    "username": "laurawilson",
    "first_name": "Laura",
    "last_name": "Wilson",
    "email": "laurawilson@example.com",
    "is_staff": false,
    "is_active": true,
    "date_joined": "2025-04-01T18:01:19.524Z",
    "shop_admin": false,
    "join_date": "2025-04-01T10:56:44.950Z",
    "updated_at": "2025-04-01T17:49:09.950Z",
    "toy_club": null,
    "groups": [],
    "user_permissions": []
  }
},
{
  "model": "customers.user",
  "pk": 7,
  "fields": {
    "password": "pbkdf2_sha256$260000$JpRSwvWoxxhWYuIRzcoFFi$mJ9+oDUBvI7UvODbEtb5L9tz5Uif2U9hylJmKNg6sVc=",
    "last_login": null,
    "is_superuser": false,
    "username": "chrismiller",
    "first_name": "Chris",
    "last_name": "Miller",
    "email": "chrismiller@example.com",
    "is_staff": false,
    "is_active": true,
    "date_joined": "2025-04-01T18:01:19.524Z",
    "shop_admin": false,
    "join_date": "2025-04-01T10:56:44.950Z",
    "updated_at": "2025-04-01T17:49:09.950Z",
    "toy_club": null,
    "groups": [],
    "user_permissions": []
  }
},
{
  "model": "customers.user",
  "pk": 8,
  "fields": {
    "password": "pbkdf2_sha256$260000$JpRSwvWoxxhWYuIRzcoFFi$mJ9+oDUBvI7UvODbEtb5L9tz5Uif2U9hylJmKNg6sVc=",
    "last_login": null,
    "is_superuser": false,
    "username": "oliviaclark",
    "first_name": "Olivia",
    "last_name": "Clark",
    "email": "oliviaclark@example.com",
    "is_staff": false,
    "is_active": true,
    "date_joined": "2025-04-01T18:01:19.525Z",
    "shop_admin": false,
    "join_date": "2025-04-01T10:56:44.950Z",
    "updated_at": "2025-04-01T17:49:09.950Z",
    "toy_club": null,
    "groups": [],
    "user_permissions": []
  }
},
{
  "model": "customers.user",
  "pk": 9,
  "fields": {
    "password": "pbkdf2_sha256$260000$JpRSwvWoxxhWYuIRzcoFFi$mJ9+oDUBvI7UvODbEtb5L9tz5Uif2U9hylJmKNg6sVc=",
    "last_login": null,
    "is_superuser": false,
    "username": "danielhall",
    "first_name": "Daniel",
    "last_name": "Hall",
    "email": "danielhall@example.com",
    "is_staff": false,
    "is_active": true,
    "date_joined": "2025-04-01T18:01:19.525Z",
    "shop_admin": false,
    "join_date": "2025-04-01T10:56:44.950Z",
    "updated_at": "2025-04-01T17:49:09.950Z",
    "toy_club": null,
    "groups": [],
    "user_permissions": []
  }
},
{
  "model": "customers.user",
  "pk": 10,
  "fields": {
    "password": "pbkdf2_sha256$260000$JpRSwvWoxxhWYuIRzcoFFi$mJ9+oDUBvI7UvODbEtb5L9tz5Uif2U9hylJmKNg6sVc=",
    "last_login": null,
    "is_superuser": false,
    "username": "graceyoung",
    "first_name": "Grace",
    "last_name": "Young",
    "email": "graceyoung@example.com",
    "is_staff": false,
    "is_active": true,
    "date_joined": "2025-04-01T18:01:19.526Z",
    "shop_admin": false,
    "join_date": "2025-04-01T10:56:44.950Z",
    "updated_at": "2025-04-01T17:49:09.950Z",
    "toy_club": null,
    "groups": [],
    "user_permissions": []
  }
},
{
  "model": "customers.user",
  "pk": 11,
  "fields": {
    "password": "pbkdf2_sha256$870000$iaEx0mqm3FE1iu6BEVHSdb$0kYoe9fR56izBmWFlNuESr21Mmoiq4E+6fwymL5PgrU=",
    "last_login": "2025-04-05T18:23:32.526Z",
    "is_superuser": true,
    "username": "admin",
    "first_name": "Volodymyr",
    "last_name": "Vinohradov",
    "email": "admin@gmail.com",
    "is_staff": true,
    "is_active": true,
    "date_joined": "2025-04-02T07:35:53Z",
    "shop_admin": true,
    "join_date": "2025-04-02T07:35:54.004Z",
    "updated_at": "2025-04-05T10:54:38.790Z",
    "toy_club": 3,
    "groups": [],
    "user_permissions": []
  }
},
{
  "model": "customers.user",
  "pk": 12,
  "fields": {
    "password": "pbkdf2_sha256$870000$50M2uQghk8ISbHEUf67app$XlSeD6N+WA9n20mn3jU75+3ofiPyvfgQnqRGFwNyghM=",
    "last_login": null,
    "is_superuser": false,
    "username": "Anton",
    "first_name": "",
    "last_name": "",
    "email": "",
    "is_staff": false,
    "is_active": true,
    "date_joined": "2025-04-02T09:07:07.813Z",
    "shop_admin": false,
    "join_date": "2025-04-02T09:07:08.605Z",
    "updated_at": "2025-04-02T09:07:08.605Z",
    "toy_club": null,
    "groups": [],
    "user_permissions": []
  }
},
{
  "model": "orders.order",
  "pk": 1,
  "fields": {
    "user": 7,
    "cart": null,
    "total_price": "0.00",
    "deliver_to": "lol",
    "delivery_method": "courier",
    "payment_method": "card",
    "recipient": "Vasiliy",
    "created_at": "2025-04-05T18:40:50.539Z",
    "update_at": "2025-04-05T18:40:51.152Z"
  }
},
{
  "model": "orders.order",
  "pk": 2,
  "fields": {
    "user": 7,
    "cart": null,
    "total_price": "0.00",
    "deliver_to": "lol",
    "delivery_method": "courier",
    "payment_method": "card",
    "recipient": "Vasiliy",
    "created_at": "2025-04-05T18:40:50.539Z",
    "update_at": "2025-04-05T18:40:51.152Z"
  }
},
{
  "model": "orders.order",
  "pk": 3,
  "fields": {
    "user": 2,
    "cart": null,
    "total_price": "0.00",
    "deliver_to": "dasd",
    "delivery_method": "new_post",
    "payment_method": "card",
    "recipient": "sdsa",
    "created_at": "2025-04-05T18:40:50.539Z",
    "update_at": "2025-04-05T18:40:51.152Z"
  }
},
{
  "model": "orders.order",
  "pk": 9,
  "fields": {
    "user": 3,
    "cart": 2,
    "total_price": "4172.90",
    "deliver_to": "dsa",
    "delivery_method": "courier",
    "payment_method": "card",
    "recipient": "dsa",
    "created_at": "2025-04-05T18:40:50.539Z",
    "update_at": "2025-04-05T18:40:51.152Z"
  }
},
{
  "model": "orders.order",
  "pk": 10,
  "fields": {
    "user": 3,
    "cart": 3,
    "total_price": "0.00",
    "deliver_to": "fdsf",
    "delivery_method": "courier",
    "payment_method": "card",
    "recipient": "fsd",
    "created_at": "2025-04-05T18:40:50.539Z",
    "update_at": "2025-04-05T18:40:51.152Z"
  }
},
{
  "model": "orders.order",
  "pk": 11,
  "fields": {
    "user": 11,
    "cart": 4,
    "total_price": "13464.80",
    "deliver_to": "mbnmbn",
    "delivery_method": "new_post",
    "payment_method": "card",
    "recipient": "mnbmb",
    "created_at": "2025-04-05T18:40:50.539Z",
    "update_at": "2025-04-05T18:40:51.152Z"
  }
},
{
  "model": "orders.order",
  "pk": 12,
  "fields": {
    "user": 11,
    "cart": 5,
    "total_price": "1728.50",
    "deliver_to": "dffgdf",
    "delivery_method": "courier",
    "payment_method": "card",
    "recipient": "gdgd",
    "created_at": "2025-04-05T18:43:08.994Z",
    "update_at": "2025-04-05T18:43:09.520Z"
  }
},
{
  "model": "orders.order",
  "pk": 13,
  "fields": {
    "user": 11,
    "cart": 6,
    "total_price": "3286.30",
    "deliver_to": "gffdgdfgd",
    "delivery_method": "courier",
    "payment_method": "card",
    "recipient": "gdfgfdgd",
    "created_at": "2025-04-05T18:45:03.600Z",
    "update_at": "2025-04-05T18:45:04.251Z"
  }
},
{
  "model": "toys.category",
  "pk": 1,
  "fields": {
    "name": "Cars & Vehicles",
    "created_at": "2025-04-01T17:49:09.968Z",
    "updated_at": "2025-04-01T17:49:09.968Z"
  }
},
{
  "model": "toys.category",
  "pk": 2,
  "fields": {
    "name": "Dolls & Accessories",
    "created_at": "2025-04-01T17:49:09.968Z",
    "updated_at": "2025-04-01T17:49:09.968Z"
  }
},
{
  "model": "toys.category",
  "pk": 3,
  "fields": {
    "name": "Building Blocks",
    "created_at": "2025-04-01T17:49:09.968Z",
    "updated_at": "2025-04-01T17:49:09.968Z"
  }
},
{
  "model": "toys.category",
  "pk": 4,
  "fields": {
    "name": "Board Games",
    "created_at": "2025-04-01T17:49:09.968Z",
    "updated_at": "2025-04-01T17:49:09.968Z"
  }
},
{
  "model": "toys.category",
  "pk": 5,
  "fields": {
    "name": "Action Figures",
    "created_at": "2025-04-01T17:49:09.968Z",
    "updated_at": "2025-04-01T17:49:09.968Z"
  }
},
{
  "model": "toys.category",
  "pk": 6,
  "fields": {
    "name": "Stuffed Animals",
    "created_at": "2025-04-01T17:49:09.968Z",
    "updated_at": "2025-04-01T17:49:09.968Z"
  }
},
{
  "model": "toys.category",
  "pk": 7,
  "fields": {
    "name": "Educational Toys",
    "created_at": "2025-04-01T17:49:09.968Z",
    "updated_at": "2025-04-01T17:49:09.968Z"
  }
},
{
  "model": "toys.category",
  "pk": 8,
  "fields": {
    "name": "Outdoor Toys",
    "created_at": "2025-04-01T17:49:09.968Z",
    "updated_at": "2025-04-01T17:49:09.968Z"
  }
},
{
  "model": "toys.category",
  "pk": 9,
  "fields": {
    "name": "Electronic Toys",
    "created_at": "2025-04-01T17:49:09.968Z",
    "updated_at": "2025-04-01T17:49:09.968Z"
  }
},
{
  "model": "toys.category",
  "pk": 10,
  "fields": {
    "name": "Craft Supplies",
    "created_at": "2025-04-01T17:49:09.968Z",
    "updated_at": "2025-04-01T17:49:09.968Z"
  }
},
{
  "model": "toys.toy",
  "pk": 1,
  "fields": {
    "owner": 1,
    "name": "John's Toy",
    "description": "Understand traditional see build certain.",
    "price": "905.80",
    "stock": 11,
    "manufacturer": "Wilkinson, House and Carter",
    "created_at": "2025-04-01T17:49:09.970Z",
    "updated_at": "2025-04-02T20:39:59.881Z",
    "photo": "toys/test.jpg",
    "category": [
      7,
      8
    ]
  }
},
{
  "model": "toys.toy",
  "pk": 2,
  "fields": {
    "owner": 9,
    "name": "Daniel's Toy",
    "description": "Most usually prevent religious whatever.",
    "price": "602.80",
    "stock": 15,
    "manufacturer": "Wagner-Chavez",
    "created_at": "2025-04-01T17:49:09.970Z",
    "updated_at": "2025-04-03T19:46:40.517Z",
    "photo": "toys/rabbit.webp",
    "category": [
      3,
      7,
      10
    ]
  }
},
{
  "model": "toys.toy",
  "pk": 3,
  "fields": {
    "owner": 10,
    "name": "Grace's Toy",
    "description": "Enjoy southern pattern.",
    "price": "968.50",
    "stock": 15,
    "manufacturer": "Booth PLC",
    "created_at": "2025-04-01T17:49:09.970Z",
    "updated_at": "2025-04-03T19:50:23.094Z",
    "photo": "toys/test1.jpg",
    "category": [
      1
    ]
  }
},
{
  "model": "toys.toy",
  "pk": 4,
  "fields": {
    "owner": 7,
    "name": "Chris's Toy",
    "description": "Control crime bit approach computer.",
    "price": "157.20",
    "stock": 6,
    "manufacturer": "Brady, Gomez and Smith",
    "created_at": "2025-04-01T17:49:09.970Z",
    "updated_at": "2025-04-04T13:31:07.689Z",
    "photo": "toys/test_BiuiA0p.jpg",
    "category": [
      1,
      10
    ]
  }
},
{
  "model": "toys.toy",
  "pk": 5,
  "fields": {
    "owner": 9,
    "name": "Daniel's Toy",
    "description": "Lot hit modern.",
    "price": "827.10",
    "stock": 8,
    "manufacturer": "Hensley, Gillespie and Bailey",
    "created_at": "2025-04-01T17:49:09.971Z",
    "updated_at": "2025-04-01T17:49:09.971Z",
    "photo": "",
    "category": [
      7,
      9
    ]
  }
},
{
  "model": "toys.toy",
  "pk": 6,
  "fields": {
    "owner": 6,
    "name": "Laura's Toy",
    "description": "Send send large.",
    "price": "108.70",
    "stock": 12,
    "manufacturer": "Goodman Ltd",
    "created_at": "2025-04-01T17:49:09.971Z",
    "updated_at": "2025-04-01T17:49:09.971Z",
    "photo": "",
    "category": [
      2
    ]
  }
},
{
  "model": "toys.toy",
  "pk": 7,
  "fields": {
    "owner": 5,
    "name": "David's Toy",
    "description": "Us as summer pretty if worry.",
    "price": "271.90",
    "stock": 12,
    "manufacturer": "Taylor, Smith and Cox",
    "created_at": "2025-04-01T17:49:09.971Z",
    "updated_at": "2025-04-01T17:49:09.971Z",
    "photo": "",
    "category": [
      7
    ]
  }
},
{
  "model": "toys.toy",
  "pk": 8,
  "fields": {
    "owner": 7,
    "name": "Chris's Toy",
    "description": "Help half much where civil ball speech that.",
    "price": "472.70",
    "stock": 14,
    "manufacturer": "Richards-Lopez",
    "created_at": "2025-04-01T17:49:09.972Z",
    "updated_at": "2025-04-01T17:49:09.972Z",
    "photo": "",
    "category": [
      2,
      9
    ]
  }
},
{
  "model": "toys.toy",
  "pk": 9,
  "fields": {
    "owner": 4,
    "name": "Sarah's Toy",
    "description": "Consider price rather thus explain one.",
    "price": "403.00",
    "stock": 13,
    "manufacturer": "Johnson, Casey and Jackson",
    "created_at": "2025-04-01T17:49:09.972Z",
    "updated_at": "2025-04-01T17:49:09.972Z",
    "photo": "",
    "category": [
      4,
      8
    ]
  }
},
{
  "model": "toys.toy",
  "pk": 10,
  "fields": {
    "owner": 8,
    "name": "Olivia's Toy",
    "description": "Board just major author eight often.",
    "price": "199.30",
    "stock": 2,
    "manufacturer": "Lucas-Oliver",
    "created_at": "2025-04-01T17:49:09.972Z",
    "updated_at": "2025-04-01T17:49:09.972Z",
    "photo": "",
    "category": [
      3,
      4,
      8
    ]
  }
},
{
  "model": "toys.toy",
  "pk": 11,
  "fields": {
    "owner": 4,
    "name": "Sarah's Toy",
    "description": "First push speak president set.",
    "price": "833.70",
    "stock": 10,
    "manufacturer": "Lang, Harris and Yates",
    "created_at": "2025-04-01T17:49:09.973Z",
    "updated_at": "2025-04-01T17:49:09.973Z",
    "photo": "",
    "category": [
      4,
      5,
      7
    ]
  }
},
{
  "model": "toys.toy",
  "pk": 12,
  "fields": {
    "owner": 1,
    "name": "John's Toy",
    "description": "Focus measure summer speak.",
    "price": "817.00",
    "stock": 8,
    "manufacturer": "Fernandez, Delacruz and Hanna",
    "created_at": "2025-04-01T17:49:09.973Z",
    "updated_at": "2025-04-01T17:49:09.973Z",
    "photo": "",
    "category": [
      3
    ]
  }
},
{
  "model": "toys.toy",
  "pk": 13,
  "fields": {
    "owner": 3,
    "name": "Michael's Toy",
    "description": "Both seven city nothing east.",
    "price": "755.40",
    "stock": 17,
    "manufacturer": "Valenzuela, Boyer and Holmes",
    "created_at": "2025-04-01T17:49:09.974Z",
    "updated_at": "2025-04-01T17:49:09.974Z",
    "photo": "",
    "category": [
      3,
      9
    ]
  }
},
{
  "model": "toys.toy",
  "pk": 14,
  "fields": {
    "owner": 3,
    "name": "Michael's Toy",
    "description": "Make expect nothing others I.",
    "price": "253.70",
    "stock": 12,
    "manufacturer": "Sharp Group",
    "created_at": "2025-04-01T17:49:09.974Z",
    "updated_at": "2025-04-01T17:49:09.974Z",
    "photo": "",
    "category": [
      4
    ]
  }
},
{
  "model": "toys.toy",
  "pk": 15,
  "fields": {
    "owner": 5,
    "name": "David's Toy",
    "description": "Talk article charge.",
    "price": "662.20",
    "stock": 15,
    "manufacturer": "Welch-Hunt",
    "created_at": "2025-04-01T17:49:09.974Z",
    "updated_at": "2025-04-01T17:49:09.974Z",
    "photo": "",
    "category": [
      1,
      2,
      5
    ]
  }
},
{
  "model": "toys.toy",
  "pk": 16,
  "fields": {
    "owner": 9,
    "name": "Daniel's Toy",
    "description": "Station sense perform do.",
    "price": "328.80",
    "stock": 13,
    "manufacturer": "Anderson Inc",
    "created_at": "2025-04-01T17:49:09.974Z",
    "updated_at": "2025-04-01T17:49:09.974Z",
    "photo": "",
    "category": [
      2,
      8
    ]
  }
},
{
  "model": "toys.toy",
  "pk": 17,
  "fields": {
    "owner": 7,
    "name": "Chris's Toy",
    "description": "Drive discover crime born cold successful.",
    "price": "638.90",
    "stock": 0,
    "manufacturer": "Burke-Schwartz",
    "created_at": "2025-04-01T17:49:09.975Z",
    "updated_at": "2025-04-01T17:49:09.975Z",
    "photo": "",
    "category": [
      4,
      6,
      10
    ]
  }
},
{
  "model": "toys.toy",
  "pk": 18,
  "fields": {
    "owner": 8,
    "name": "Olivia's Toy",
    "description": "Nation want they friend myself.",
    "price": "630.30",
    "stock": 4,
    "manufacturer": "Jensen-Johnson",
    "created_at": "2025-04-01T17:49:09.975Z",
    "updated_at": "2025-04-01T17:49:09.975Z",
    "photo": "",
    "category": [
      9
    ]
  }
},
{
  "model": "toys.toy",
  "pk": 19,
  "fields": {
    "owner": 6,
    "name": "Laura's Toy",
    "description": "Firm notice tell visit end now history.",
    "price": "779.00",
    "stock": 13,
    "manufacturer": "Padilla-Ford",
    "created_at": "2025-04-01T17:49:09.975Z",
    "updated_at": "2025-04-01T17:49:09.975Z",
    "photo": "",
    "category": [
      3,
      6,
      10
    ]
  }
},
{
  "model": "toys.toy",
  "pk": 20,
  "fields": {
    "owner": 9,
    "name": "Daniel's Toy",
    "description": "Weight carry turn member because under discuss tend.",
    "price": "232.30",
    "stock": 9,
    "manufacturer": "Berry, Houston and Li",
    "created_at": "2025-04-01T17:49:09.975Z",
    "updated_at": "2025-04-01T17:49:09.975Z",
    "photo": "",
    "category": [
      3,
      8,
      9
    ]
  }
},
{
  "model": "toys.toy",
  "pk": 21,
  "fields": {
    "owner": 5,
    "name": "David's Toy",
    "description": "Education west pattern view world manage run skill.",
    "price": "220.30",
    "stock": 1,
    "manufacturer": "Knight LLC",
    "created_at": "2025-04-01T17:49:09.976Z",
    "updated_at": "2025-04-01T17:49:09.976Z",
    "photo": "",
    "category": [
      7
    ]
  }
},
{
  "model": "toys.toy",
  "pk": 22,
  "fields": {
    "owner": 2,
    "name": "Emily's Toy",
    "description": "Staff amount trade continue.",
    "price": "689.50",
    "stock": 7,
    "manufacturer": "Turner, Banks and Cox",
    "created_at": "2025-04-01T17:49:09.976Z",
    "updated_at": "2025-04-01T17:49:09.976Z",
    "photo": "",
    "category": [
      3,
      4
    ]
  }
},
{
  "model": "toys.toy",
  "pk": 23,
  "fields": {
    "owner": 2,
    "name": "Emily's Toy",
    "description": "If enter worry.",
    "price": "583.10",
    "stock": 14,
    "manufacturer": "Martin Inc",
    "created_at": "2025-04-01T17:49:09.976Z",
    "updated_at": "2025-04-01T17:49:09.976Z",
    "photo": "",
    "category": [
      5,
      9
    ]
  }
},
{
  "model": "toys.toy",
  "pk": 24,
  "fields": {
    "owner": 3,
    "name": "Michael's Toy",
    "description": "Blue fine exactly force room he a necessary.",
    "price": "666.70",
    "stock": 20,
    "manufacturer": "Burch-Murphy",
    "created_at": "2025-04-01T17:49:09.977Z",
    "updated_at": "2025-04-01T17:49:09.977Z",
    "photo": "",
    "category": [
      2
    ]
  }
},
{
  "model": "toys.toy",
  "pk": 25,
  "fields": {
    "owner": 4,
    "name": "Sarah's Toy",
    "description": "In weight involve along like.",
    "price": "549.60",
    "stock": 5,
    "manufacturer": "Brady and Sons",
    "created_at": "2025-04-01T17:49:09.977Z",
    "updated_at": "2025-04-01T17:49:09.977Z",
    "photo": "",
    "category": [
      7,
      9
    ]
  }
},
{
  "model": "toys.toy",
  "pk": 26,
  "fields": {
    "owner": 10,
    "name": "Grace's Toy",
    "description": "Site result crime involve research.",
    "price": "856.30",
    "stock": 20,
    "manufacturer": "Murphy, Wilson and Hudson",
    "created_at": "2025-04-01T17:49:09.977Z",
    "updated_at": "2025-04-01T17:49:09.977Z",
    "photo": "",
    "category": [
      4
    ]
  }
},
{
  "model": "toys.toy",
  "pk": 27,
  "fields": {
    "owner": 1,
    "name": "John's Toy",
    "description": "Sense note also wait personal.",
    "price": "465.60",
    "stock": 7,
    "manufacturer": "Horton PLC",
    "created_at": "2025-04-01T17:49:09.977Z",
    "updated_at": "2025-04-01T17:49:09.977Z",
    "photo": "",
    "category": [
      2,
      6,
      8
    ]
  }
},
{
  "model": "toys.toy",
  "pk": 28,
  "fields": {
    "owner": 6,
    "name": "Laura's Toy",
    "description": "Person model only.",
    "price": "680.10",
    "stock": 16,
    "manufacturer": "Paul-Moore",
    "created_at": "2025-04-01T17:49:09.978Z",
    "updated_at": "2025-04-01T17:49:09.978Z",
    "photo": "",
    "category": [
      3,
      9
    ]
  }
},
{
  "model": "toys.toy",
  "pk": 29,
  "fields": {
    "owner": 4,
    "name": "Sarah's Toy",
    "description": "Them century model street example performance.",
    "price": "406.30",
    "stock": 17,
    "manufacturer": "Taylor, Hamilton and Green",
    "created_at": "2025-04-01T17:49:09.978Z",
    "updated_at": "2025-04-01T17:49:09.978Z",
    "photo": "",
    "category": [
      7,
      9,
      10
    ]
  }
},
{
  "model": "toys.toy",
  "pk": 30,
  "fields": {
    "owner": 7,
    "name": "Chris's Toy",
    "description": "Here consumer economic newspaper Mr clear executive.",
    "price": "473.40",
    "stock": 9,
    "manufacturer": "Thomas Inc",
    "created_at": "2025-04-01T17:49:09.978Z",
    "updated_at": "2025-04-01T17:49:09.978Z",
    "photo": "",
    "category": [
      2,
      10
    ]
  }
},
{
  "model": "carts.cart",
  "pk": 2,
  "fields": {
    "user": 11,
    "order_time": "2025-04-03T12:52:52.470Z",
    "is_active": false
  }
},
{
  "model": "carts.cart",
  "pk": 3,
  "fields": {
    "user": 11,
    "order_time": "2025-04-03T13:15:20.907Z",
    "is_active": false
  }
},
{
  "model": "carts.cart",
  "pk": 4,
  "fields": {
    "user": 11,
    "order_time": "2025-04-03T13:16:33.492Z",
    "is_active": false
  }
},
{
  "model": "carts.cart",
  "pk": 5,
  "fields": {
    "user": 11,
    "order_time": "2025-04-05T18:41:33.136Z",
    "is_active": false
  }
},
{
  "model": "carts.cart",
  "pk": 6,
  "fields": {
    "user": 11,
    "order_time": "2025-04-05T18:44:37.254Z",
    "is_active": false
  }
},
{
  "model": "carts.cartitem",
  "pk": 7,
  "fields": {
    "cart": 2,
    "toy": 1,
    "quantity": 1,
    "total_price": "905.80",
    "created_at": "2025-04-03T12:52:52.747Z",
    "updated_at": "2025-04-03T12:52:52.747Z"
  }
},
{
  "model": "carts.cartitem",
  "pk": 8,
  "fields": {
    "cart": 2,
    "toy": 2,
    "quantity": 2,
    "total_price": "1205.60",
    "created_at": "2025-04-03T12:52:54.108Z",
    "updated_at": "2025-04-03T13:07:08.163Z"
  }
},
{
  "model": "carts.cartitem",
  "pk": 9,
  "fields": {
    "cart": 2,
    "toy": 3,
    "quantity": 1,
    "total_price": "968.50",
    "created_at": "2025-04-03T12:52:55.542Z",
    "updated_at": "2025-04-03T12:52:55.542Z"
  }
},
{
  "model": "carts.cartitem",
  "pk": 10,
  "fields": {
    "cart": 2,
    "toy": 4,
    "quantity": 1,
    "total_price": "157.20",
    "created_at": "2025-04-03T12:52:59.926Z",
    "updated_at": "2025-04-03T12:52:59.926Z"
  }
},
{
  "model": "carts.cartitem",
  "pk": 11,
  "fields": {
    "cart": 2,
    "toy": 6,
    "quantity": 1,
    "total_price": "108.70",
    "created_at": "2025-04-03T13:07:37.413Z",
    "updated_at": "2025-04-03T13:07:37.413Z"
  }
},
{
  "model": "carts.cartitem",
  "pk": 12,
  "fields": {
    "cart": 2,
    "toy": 5,
    "quantity": 1,
    "total_price": "827.10",
    "created_at": "2025-04-03T13:07:39.446Z",
    "updated_at": "2025-04-03T13:07:39.446Z"
  }
},
{
  "model": "carts.cartitem",
  "pk": 13,
  "fields": {
    "cart": 4,
    "toy": 2,
    "quantity": 4,
    "total_price": "2411.20",
    "created_at": "2025-04-03T13:16:33.866Z",
    "updated_at": "2025-04-05T12:37:02.524Z"
  }
},
{
  "model": "carts.cartitem",
  "pk": 14,
  "fields": {
    "cart": 4,
    "toy": 3,
    "quantity": 4,
    "total_price": "3874.00",
    "created_at": "2025-04-03T13:16:36.060Z",
    "updated_at": "2025-04-05T18:34:09.936Z"
  }
},
{
  "model": "carts.cartitem",
  "pk": 15,
  "fields": {
    "cart": 4,
    "toy": 4,
    "quantity": 6,
    "total_price": "943.20",
    "created_at": "2025-04-03T13:16:38.943Z",
    "updated_at": "2025-04-05T18:34:08.050Z"
  }
},
{
  "model": "carts.cartitem",
  "pk": 16,
  "fields": {
    "cart": 4,
    "toy": 6,
    "quantity": 2,
    "total_price": "217.40",
    "created_at": "2025-04-03T17:14:56.492Z",
    "updated_at": "2025-04-03T17:24:26.294Z"
  }
},
{
  "model": "carts.cartitem",
  "pk": 17,
  "fields": {
    "cart": 4,
    "toy": 5,
    "quantity": 2,
    "total_price": "1654.20",
    "created_at": "2025-04-03T17:14:59.930Z",
    "updated_at": "2025-04-03T17:24:29.859Z"
  }
},
{
  "model": "carts.cartitem",
  "pk": 18,
  "fields": {
    "cart": 4,
    "toy": 7,
    "quantity": 1,
    "total_price": "271.90",
    "created_at": "2025-04-03T17:24:36.953Z",
    "updated_at": "2025-04-03T17:24:36.953Z"
  }
},
{
  "model": "carts.cartitem",
  "pk": 19,
  "fields": {
    "cart": 4,
    "toy": 26,
    "quantity": 1,
    "total_price": "856.30",
    "created_at": "2025-04-03T17:24:45.361Z",
    "updated_at": "2025-04-03T17:24:45.361Z"
  }
},
{
  "model": "carts.cartitem",
  "pk": 20,
  "fields": {
    "cart": 4,
    "toy": 28,
    "quantity": 1,
    "total_price": "680.10",
    "created_at": "2025-04-04T08:44:57.983Z",
    "updated_at": "2025-04-04T08:44:57.983Z"
  }
},
{
  "model": "carts.cartitem",
  "pk": 21,
  "fields": {
    "cart": 4,
    "toy": 11,
    "quantity": 1,
    "total_price": "833.70",
    "created_at": "2025-04-04T13:18:54.057Z",
    "updated_at": "2025-04-04T13:18:54.057Z"
  }
},
{
  "model": "carts.cartitem",
  "pk": 22,
  "fields": {
    "cart": 4,
    "toy": 12,
    "quantity": 1,
    "total_price": "817.00",
    "created_at": "2025-04-04T13:25:23.834Z",
    "updated_at": "2025-04-04T13:25:23.834Z"
  }
},
{
  "model": "carts.cartitem",
  "pk": 23,
  "fields": {
    "cart": 4,
    "toy": 1,
    "quantity": 1,
    "total_price": "905.80",
    "created_at": "2025-04-04T14:43:54.346Z",
    "updated_at": "2025-04-04T14:43:54.346Z"
  }
},
{
  "model": "carts.cartitem",
  "pk": 24,
  "fields": {
    "cart": 5,
    "toy": 3,
    "quantity": 1,
    "total_price": "968.50",
    "created_at": "2025-04-05T18:42:48.808Z",
    "updated_at": "2025-04-05T18:42:48.808Z"
  }
},
{
  "model": "carts.cartitem",
  "pk": 25,
  "fields": {
    "cart": 5,
    "toy": 4,
    "quantity": 1,
    "total_price": "157.20",
    "created_at": "2025-04-05T18:42:50.396Z",
    "updated_at": "2025-04-05T18:42:50.396Z"
  }
},
{
  "model": "carts.cartitem",
  "pk": 26,
  "fields": {
    "cart": 5,
    "toy": 2,
    "quantity": 1,
    "total_price": "602.80",
    "created_at": "2025-04-05T18:42:51.547Z",
    "updated_at": "2025-04-05T18:42:51.547Z"
  }
},
{
  "model": "carts.cartitem",
  "pk": 27,
  "fields": {
    "cart": 6,
    "toy": 1,
    "quantity": 2,
    "total_price": "1811.60",
    "created_at": "2025-04-05T18:44:44.417Z",
    "updated_at": "2025-04-05T18:44:46.818Z"
  }
},
{
  "model": "carts.cartitem",
  "pk": 28,
  "fields": {
    "cart": 6,
    "toy": 2,
    "quantity": 1,
    "total_price": "602.80",
    "created_at": "2025-04-05T18:44:45.281Z",
    "updated_at": "2025-04-05T18:44:45.281Z"
  }
},
{
  "model": "carts.cartitem",
  "pk": 29,
  "fields": {
    "cart": 6,
    "toy": 27,
    "quantity": 1,
    "total_price": "465.60",
    "created_at": "2025-04-05T18:44:47.611Z",
    "updated_at": "2025-04-05T18:44:47.611Z"
  }
},
{
  "model": "carts.cartitem",
  "pk": 30,
  "fields": {
    "cart": 6,
    "toy": 29,
    "quantity": 1,
    "total_price": "406.30",
    "created_at": "2025-04-05T18:44:49.166Z",
    "updated_at": "2025-04-05T18:44:49.166Z"
  }
},
{
  "model": "wishlists.wishlist",
  "pk": 1,
  "fields": {
    "user": 11,
    "created_at": "2025-04-05T12:27:50.183Z",
    "updated_at": "2025-04-05T12:27:50.183Z"
  }
},
{
  "model": "wishlists.wishlistitem",
  "pk": 1,
  "fields": {
    "wishlist": 1,
    "toy": 3,
    "quantity": 1
  }
},
{
  "model": "wishlists.wishlistitem",
  "pk": 2,
  "fields": {
    "wishlist": 1,
    "toy": 27,
    "quantity": 1
  }
}
]
