[
{
  "model": "admin.logentry",
  "pk": 1,
  "fields": {
    "action_time": "2025-04-02T09:03:23.021Z",
    "user": 11,
    "content_type": 7,
    "object_id": "11",
    "object_repr": "admin",
    "action_flag": 2,
    "change_message": "[{\"changed\": {\"fields\": [\"First name\", \"Last name\"]}}]"
  }
},
{
  "model": "admin.logentry",
  "pk": 2,
  "fields": {
    "action_time": "2025-04-02T09:07:08.607Z",
    "user": 11,
    "content_type": 7,
    "object_id": "12",
    "object_repr": "Anton",
    "action_flag": 1,
    "change_message": "[{\"added\": {}}]"
  }
},
{
  "model": "admin.logentry",
  "pk": 3,
  "fields": {
    "action_time": "2025-04-02T09:11:25.374Z",
    "user": 11,
    "content_type": 6,
    "object_id": "1",
    "object_repr": "ToyClub object (1)",
    "action_flag": 1,
    "change_message": "[{\"added\": {}}]"
  }
},
{
  "model": "admin.logentry",
  "pk": 4,
  "fields": {
    "action_time": "2025-04-02T09:11:34.945Z",
    "user": 11,
    "content_type": 6,
    "object_id": "1",
    "object_repr": "ToyClub object (1)",
    "action_flag": 2,
    "change_message": "[{\"changed\": {\"fields\": [\"Unique number\"]}}]"
  }
},
{
  "model": "admin.logentry",
  "pk": 5,
  "fields": {
    "action_time": "2025-04-02T09:28:14.772Z",
    "user": 11,
    "content_type": 6,
    "object_id": "2",
    "object_repr": "silver",
    "action_flag": 1,
    "change_message": "[{\"added\": {}}]"
  }
},
{
  "model": "admin.logentry",
  "pk": 6,
  "fields": {
    "action_time": "2025-04-02T09:28:38.307Z",
    "user": 11,
    "content_type": 6,
    "object_id": "3",
    "object_repr": "gold",
    "action_flag": 1,
    "change_message": "[{\"added\": {}}]"
  }
},
{
  "model": "admin.logentry",
  "pk": 7,
  "fields": {
    "action_time": "2025-04-02T09:31:44.668Z",
    "user": 11,
    "content_type": 6,
    "object_id": "4",
    "object_repr": "gold",
    "action_flag": 1,
    "change_message": "[{\"added\": {}}]"
  }
},
{
  "model": "admin.logentry",
  "pk": 8,
  "fields": {
    "action_time": "2025-04-02T09:32:08.270Z",
    "user": 11,
    "content_type": 7,
    "object_id": "11",
    "object_repr": "admin",
    "action_flag": 2,
    "change_message": "[{\"changed\": {\"fields\": [\"Toy club\"]}}]"
  }
},
{
  "model": "admin.logentry",
  "pk": 9,
  "fields": {
    "action_time": "2025-04-05T10:54:38.793Z",
    "user": 11,
    "content_type": 7,
    "object_id": "11",
    "object_repr": "admin",
    "action_flag": 2,
    "change_message": "[{\"changed\": {\"fields\": [\"Shop admin\"]}}]"
  }
},
{
  "model": "admin.logentry",
  "pk": 10,
  "fields": {
    "action_time": "2025-04-06T20:24:34.872Z",
    "user": 11,
    "content_type": 7,
    "object_id": "12",
    "object_repr": "Misha Misha",
    "action_flag": 2,
    "change_message": "[{\"changed\": {\"fields\": [\"Username\", \"First name\", \"Last name\", \"Email address\", \"Toy club\"]}}]"
  }
},
{
  "model": "admin.logentry",
  "pk": 11,
  "fields": {
    "action_time": "2025-04-06T20:25:18.054Z",
    "user": 11,
    "content_type": 7,
    "object_id": "12",
    "object_repr": "Misha Misha",
    "action_flag": 2,
    "change_message": "[{\"changed\": {\"fields\": [\"password\"]}}]"
  }
},
{
  "model": "admin.logentry",
  "pk": 12,
  "fields": {
    "action_time": "2025-04-06T20:31:36.487Z",
    "user": 11,
    "content_type": 7,
    "object_id": "17",
    "object_repr": " ",
    "action_flag": 2,
    "change_message": "[{\"changed\": {\"fields\": [\"Shop admin\", \"Toy club\"]}}]"
  }
},
{
  "model": "admin.logentry",
  "pk": 13,
  "fields": {
    "action_time": "2025-04-06T20:36:12.274Z",
    "user": 11,
    "content_type": 7,
    "object_id": "17",
    "object_repr": "Миша Миша",
    "action_flag": 2,
    "change_message": "[{\"changed\": {\"fields\": [\"First name\", \"Last name\"]}}]"
  }
},
{
  "model": "admin.logentry",
  "pk": 14,
  "fields": {
    "action_time": "2025-04-07T05:31:40.570Z",
    "user": 11,
    "content_type": 7,
    "object_id": "16",
    "object_repr": " ",
    "action_flag": 2,
    "change_message": "[{\"changed\": {\"fields\": [\"password\"]}}]"
  }
},
{
  "model": "admin.logentry",
  "pk": 15,
  "fields": {
    "action_time": "2025-04-07T17:04:56.115Z",
    "user": 11,
    "content_type": 6,
    "object_id": "7",
    "object_repr": "gold",
    "action_flag": 2,
    "change_message": "[{\"changed\": {\"fields\": [\"User\"]}}]"
  }
},
{
  "model": "admin.logentry",
  "pk": 16,
  "fields": {
    "action_time": "2025-04-08T15:39:40.217Z",
    "user": 11,
    "content_type": 10,
    "object_id": "30",
    "object_repr": "Chris's Toy",
    "action_flag": 2,
    "change_message": "[{\"changed\": {\"fields\": [\"Photo\"]}}]"
  }
},
{
  "model": "admin.logentry",
  "pk": 17,
  "fields": {
    "action_time": "2025-04-08T15:39:52.705Z",
    "user": 11,
    "content_type": 10,
    "object_id": "28",
    "object_repr": "Laura's Toy",
    "action_flag": 2,
    "change_message": "[{\"changed\": {\"fields\": [\"Photo\"]}}]"
  }
},
{
  "model": "admin.logentry",
  "pk": 18,
  "fields": {
    "action_time": "2025-04-08T15:45:25.612Z",
    "user": 11,
    "content_type": 10,
    "object_id": "26",
    "object_repr": "Grace's Toy",
    "action_flag": 2,
    "change_message": "[{\"changed\": {\"fields\": [\"Photo\"]}}]"
  }
},
{
  "model": "admin.logentry",
  "pk": 19,
  "fields": {
    "action_time": "2025-04-08T16:00:43.316Z",
    "user": 11,
    "content_type": 10,
    "object_id": "24",
    "object_repr": "Michael's Toy",
    "action_flag": 2,
    "change_message": "[{\"changed\": {\"fields\": [\"Photo\"]}}]"
  }
},
{
  "model": "admin.logentry",
  "pk": 20,
  "fields": {
    "action_time": "2025-04-08T16:07:25.353Z",
    "user": 11,
    "content_type": 10,
    "object_id": "24",
    "object_repr": "Michael's Toy",
    "action_flag": 2,
    "change_message": "[{\"changed\": {\"fields\": [\"Photo\"]}}]"
  }
},
{
  "model": "admin.logentry",
  "pk": 21,
  "fields": {
    "action_time": "2025-04-08T16:07:33.894Z",
    "user": 11,
    "content_type": 10,
    "object_id": "24",
    "object_repr": "Michael's Toy",
    "action_flag": 2,
    "change_message": "[{\"changed\": {\"fields\": [\"Photo\"]}}]"
  }
},
{
  "model": "admin.logentry",
  "pk": 22,
  "fields": {
    "action_time": "2025-04-08T16:13:10.639Z",
    "user": 11,
    "content_type": 10,
    "object_id": "24",
    "object_repr": "Michael's Toy",
    "action_flag": 2,
    "change_message": "[{\"changed\": {\"fields\": [\"Photo\"]}}]"
  }
},
{
  "model": "admin.logentry",
  "pk": 23,
  "fields": {
    "action_time": "2025-04-08T16:13:19.569Z",
    "user": 11,
    "content_type": 10,
    "object_id": "24",
    "object_repr": "Michael's Toy",
    "action_flag": 2,
    "change_message": "[{\"changed\": {\"fields\": [\"Photo\"]}}]"
  }
},
{
  "model": "admin.logentry",
  "pk": 24,
  "fields": {
    "action_time": "2025-04-08T17:24:27.965Z",
    "user": 11,
    "content_type": 10,
    "object_id": "24",
    "object_repr": "Michael's Toy",
    "action_flag": 2,
    "change_message": "[{\"changed\": {\"fields\": [\"Photo\"]}}]"
  }
},
{
  "model": "admin.logentry",
  "pk": 25,
  "fields": {
    "action_time": "2025-04-08T17:24:33.405Z",
    "user": 11,
    "content_type": 10,
    "object_id": "33",
    "object_repr": "Dana",
    "action_flag": 2,
    "change_message": "[{\"changed\": {\"fields\": [\"Photo\"]}}]"
  }
},
{
  "model": "admin.logentry",
  "pk": 26,
  "fields": {
    "action_time": "2025-04-08T17:24:38.036Z",
    "user": 11,
    "content_type": 10,
    "object_id": "31",
    "object_repr": "Bimbo!!!!!",
    "action_flag": 2,
    "change_message": "[{\"changed\": {\"fields\": [\"Photo\"]}}]"
  }
},
{
  "model": "admin.logentry",
  "pk": 27,
  "fields": {
    "action_time": "2025-04-08T17:24:42.456Z",
    "user": 11,
    "content_type": 10,
    "object_id": "30",
    "object_repr": "Chris's Toy",
    "action_flag": 2,
    "change_message": "[{\"changed\": {\"fields\": [\"Photo\"]}}]"
  }
},
{
  "model": "admin.logentry",
  "pk": 28,
  "fields": {
    "action_time": "2025-04-08T17:24:46.888Z",
    "user": 11,
    "content_type": 10,
    "object_id": "28",
    "object_repr": "Laura's Toy",
    "action_flag": 2,
    "change_message": "[{\"changed\": {\"fields\": [\"Photo\"]}}]"
  }
},
{
  "model": "admin.logentry",
  "pk": 29,
  "fields": {
    "action_time": "2025-04-08T17:24:51.737Z",
    "user": 11,
    "content_type": 10,
    "object_id": "26",
    "object_repr": "Grace's Toy",
    "action_flag": 2,
    "change_message": "[{\"changed\": {\"fields\": [\"Photo\"]}}]"
  }
},
{
  "model": "admin.logentry",
  "pk": 30,
  "fields": {
    "action_time": "2025-04-08T17:24:58.984Z",
    "user": 11,
    "content_type": 10,
    "object_id": "30",
    "object_repr": "Chris's Toy",
    "action_flag": 2,
    "change_message": "[{\"changed\": {\"fields\": [\"Photo\"]}}]"
  }
},
{
  "model": "admin.logentry",
  "pk": 31,
  "fields": {
    "action_time": "2025-04-09T15:52:25.534Z",
    "user": 11,
    "content_type": 7,
    "object_id": "7",
    "object_repr": "Chris Miller",
    "action_flag": 2,
    "change_message": "[{\"changed\": {\"fields\": [\"password\"]}}]"
  }
},
{
  "model": "admin.logentry",
  "pk": 32,
  "fields": {
    "action_time": "2025-04-09T15:52:53.869Z",
    "user": 11,
    "content_type": 7,
    "object_id": "7",
    "object_repr": "test Tester",
    "action_flag": 2,
    "change_message": "[{\"changed\": {\"fields\": [\"Username\", \"First name\", \"Last name\", \"Email address\", \"Shop admin\"]}}]"
  }
},
{
  "model": "auth.permission",
  "pk": 1,
  "fields": {
    "name": "Can add log entry",
    "content_type": 1,
    "codename": "add_logentry"
  }
},
{
  "model": "auth.permission",
  "pk": 2,
  "fields": {
    "name": "Can change log entry",
    "content_type": 1,
    "codename": "change_logentry"
  }
},
{
  "model": "auth.permission",
  "pk": 3,
  "fields": {
    "name": "Can delete log entry",
    "content_type": 1,
    "codename": "delete_logentry"
  }
},
{
  "model": "auth.permission",
  "pk": 4,
  "fields": {
    "name": "Can view log entry",
    "content_type": 1,
    "codename": "view_logentry"
  }
},
{
  "model": "auth.permission",
  "pk": 5,
  "fields": {
    "name": "Can add permission",
    "content_type": 2,
    "codename": "add_permission"
  }
},
{
  "model": "auth.permission",
  "pk": 6,
  "fields": {
    "name": "Can change permission",
    "content_type": 2,
    "codename": "change_permission"
  }
},
{
  "model": "auth.permission",
  "pk": 7,
  "fields": {
    "name": "Can delete permission",
    "content_type": 2,
    "codename": "delete_permission"
  }
},
{
  "model": "auth.permission",
  "pk": 8,
  "fields": {
    "name": "Can view permission",
    "content_type": 2,
    "codename": "view_permission"
  }
},
{
  "model": "auth.permission",
  "pk": 9,
  "fields": {
    "name": "Can add group",
    "content_type": 3,
    "codename": "add_group"
  }
},
{
  "model": "auth.permission",
  "pk": 10,
  "fields": {
    "name": "Can change group",
    "content_type": 3,
    "codename": "change_group"
  }
},
{
  "model": "auth.permission",
  "pk": 11,
  "fields": {
    "name": "Can delete group",
    "content_type": 3,
    "codename": "delete_group"
  }
},
{
  "model": "auth.permission",
  "pk": 12,
  "fields": {
    "name": "Can view group",
    "content_type": 3,
    "codename": "view_group"
  }
},
{
  "model": "auth.permission",
  "pk": 13,
  "fields": {
    "name": "Can add content type",
    "content_type": 4,
    "codename": "add_contenttype"
  }
},
{
  "model": "auth.permission",
  "pk": 14,
  "fields": {
    "name": "Can change content type",
    "content_type": 4,
    "codename": "change_contenttype"
  }
},
{
  "model": "auth.permission",
  "pk": 15,
  "fields": {
    "name": "Can delete content type",
    "content_type": 4,
    "codename": "delete_contenttype"
  }
},
{
  "model": "auth.permission",
  "pk": 16,
  "fields": {
    "name": "Can view content type",
    "content_type": 4,
    "codename": "view_contenttype"
  }
},
{
  "model": "auth.permission",
  "pk": 17,
  "fields": {
    "name": "Can add session",
    "content_type": 5,
    "codename": "add_session"
  }
},
{
  "model": "auth.permission",
  "pk": 18,
  "fields": {
    "name": "Can change session",
    "content_type": 5,
    "codename": "change_session"
  }
},
{
  "model": "auth.permission",
  "pk": 19,
  "fields": {
    "name": "Can delete session",
    "content_type": 5,
    "codename": "delete_session"
  }
},
{
  "model": "auth.permission",
  "pk": 20,
  "fields": {
    "name": "Can view session",
    "content_type": 5,
    "codename": "view_session"
  }
},
{
  "model": "auth.permission",
  "pk": 21,
  "fields": {
    "name": "Can add toy club",
    "content_type": 6,
    "codename": "add_toyclub"
  }
},
{
  "model": "auth.permission",
  "pk": 22,
  "fields": {
    "name": "Can change toy club",
    "content_type": 6,
    "codename": "change_toyclub"
  }
},
{
  "model": "auth.permission",
  "pk": 23,
  "fields": {
    "name": "Can delete toy club",
    "content_type": 6,
    "codename": "delete_toyclub"
  }
},
{
  "model": "auth.permission",
  "pk": 24,
  "fields": {
    "name": "Can view toy club",
    "content_type": 6,
    "codename": "view_toyclub"
  }
},
{
  "model": "auth.permission",
  "pk": 25,
  "fields": {
    "name": "Can add user",
    "content_type": 7,
    "codename": "add_user"
  }
},
{
  "model": "auth.permission",
  "pk": 26,
  "fields": {
    "name": "Can change user",
    "content_type": 7,
    "codename": "change_user"
  }
},
{
  "model": "auth.permission",
  "pk": 27,
  "fields": {
    "name": "Can delete user",
    "content_type": 7,
    "codename": "delete_user"
  }
},
{
  "model": "auth.permission",
  "pk": 28,
  "fields": {
    "name": "Can view user",
    "content_type": 7,
    "codename": "view_user"
  }
},
{
  "model": "auth.permission",
  "pk": 29,
  "fields": {
    "name": "Can add order",
    "content_type": 8,
    "codename": "add_order"
  }
},
{
  "model": "auth.permission",
  "pk": 30,
  "fields": {
    "name": "Can change order",
    "content_type": 8,
    "codename": "change_order"
  }
},
{
  "model": "auth.permission",
  "pk": 31,
  "fields": {
    "name": "Can delete order",
    "content_type": 8,
    "codename": "delete_order"
  }
},
{
  "model": "auth.permission",
  "pk": 32,
  "fields": {
    "name": "Can view order",
    "content_type": 8,
    "codename": "view_order"
  }
},
{
  "model": "auth.permission",
  "pk": 33,
  "fields": {
    "name": "Can add category",
    "content_type": 9,
    "codename": "add_category"
  }
},
{
  "model": "auth.permission",
  "pk": 34,
  "fields": {
    "name": "Can change category",
    "content_type": 9,
    "codename": "change_category"
  }
},
{
  "model": "auth.permission",
  "pk": 35,
  "fields": {
    "name": "Can delete category",
    "content_type": 9,
    "codename": "delete_category"
  }
},
{
  "model": "auth.permission",
  "pk": 36,
  "fields": {
    "name": "Can view category",
    "content_type": 9,
    "codename": "view_category"
  }
},
{
  "model": "auth.permission",
  "pk": 37,
  "fields": {
    "name": "Can add toy",
    "content_type": 10,
    "codename": "add_toy"
  }
},
{
  "model": "auth.permission",
  "pk": 38,
  "fields": {
    "name": "Can change toy",
    "content_type": 10,
    "codename": "change_toy"
  }
},
{
  "model": "auth.permission",
  "pk": 39,
  "fields": {
    "name": "Can delete toy",
    "content_type": 10,
    "codename": "delete_toy"
  }
},
{
  "model": "auth.permission",
  "pk": 40,
  "fields": {
    "name": "Can view toy",
    "content_type": 10,
    "codename": "view_toy"
  }
},
{
  "model": "auth.permission",
  "pk": 41,
  "fields": {
    "name": "Can add cart",
    "content_type": 11,
    "codename": "add_cart"
  }
},
{
  "model": "auth.permission",
  "pk": 42,
  "fields": {
    "name": "Can change cart",
    "content_type": 11,
    "codename": "change_cart"
  }
},
{
  "model": "auth.permission",
  "pk": 43,
  "fields": {
    "name": "Can delete cart",
    "content_type": 11,
    "codename": "delete_cart"
  }
},
{
  "model": "auth.permission",
  "pk": 44,
  "fields": {
    "name": "Can view cart",
    "content_type": 11,
    "codename": "view_cart"
  }
},
{
  "model": "auth.permission",
  "pk": 45,
  "fields": {
    "name": "Can add cart item",
    "content_type": 12,
    "codename": "add_cartitem"
  }
},
{
  "model": "auth.permission",
  "pk": 46,
  "fields": {
    "name": "Can change cart item",
    "content_type": 12,
    "codename": "change_cartitem"
  }
},
{
  "model": "auth.permission",
  "pk": 47,
  "fields": {
    "name": "Can delete cart item",
    "content_type": 12,
    "codename": "delete_cartitem"
  }
},
{
  "model": "auth.permission",
  "pk": 48,
  "fields": {
    "name": "Can view cart item",
    "content_type": 12,
    "codename": "view_cartitem"
  }
},
{
  "model": "auth.permission",
  "pk": 49,
  "fields": {
    "name": "Can add wish list",
    "content_type": 13,
    "codename": "add_wishlist"
  }
},
{
  "model": "auth.permission",
  "pk": 50,
  "fields": {
    "name": "Can change wish list",
    "content_type": 13,
    "codename": "change_wishlist"
  }
},
{
  "model": "auth.permission",
  "pk": 51,
  "fields": {
    "name": "Can delete wish list",
    "content_type": 13,
    "codename": "delete_wishlist"
  }
},
{
  "model": "auth.permission",
  "pk": 52,
  "fields": {
    "name": "Can view wish list",
    "content_type": 13,
    "codename": "view_wishlist"
  }
},
{
  "model": "auth.permission",
  "pk": 53,
  "fields": {
    "name": "Can add wish list item",
    "content_type": 14,
    "codename": "add_wishlistitem"
  }
},
{
  "model": "auth.permission",
  "pk": 54,
  "fields": {
    "name": "Can change wish list item",
    "content_type": 14,
    "codename": "change_wishlistitem"
  }
},
{
  "model": "auth.permission",
  "pk": 55,
  "fields": {
    "name": "Can delete wish list item",
    "content_type": 14,
    "codename": "delete_wishlistitem"
  }
},
{
  "model": "auth.permission",
  "pk": 56,
  "fields": {
    "name": "Can view wish list item",
    "content_type": 14,
    "codename": "view_wishlistitem"
  }
},
{
  "model": "auth.permission",
  "pk": 57,
  "fields": {
    "name": "Can add order",
    "content_type": 15,
    "codename": "add_order"
  }
},
{
  "model": "auth.permission",
  "pk": 58,
  "fields": {
    "name": "Can change order",
    "content_type": 15,
    "codename": "change_order"
  }
},
{
  "model": "auth.permission",
  "pk": 59,
  "fields": {
    "name": "Can delete order",
    "content_type": 15,
    "codename": "delete_order"
  }
},
{
  "model": "auth.permission",
  "pk": 60,
  "fields": {
    "name": "Can view order",
    "content_type": 15,
    "codename": "view_order"
  }
},
{
  "model": "auth.permission",
  "pk": 61,
  "fields": {
    "name": "Can add cart item",
    "content_type": 16,
    "codename": "add_cartitem"
  }
},
{
  "model": "auth.permission",
  "pk": 62,
  "fields": {
    "name": "Can change cart item",
    "content_type": 16,
    "codename": "change_cartitem"
  }
},
{
  "model": "auth.permission",
  "pk": 63,
  "fields": {
    "name": "Can delete cart item",
    "content_type": 16,
    "codename": "delete_cartitem"
  }
},
{
  "model": "auth.permission",
  "pk": 64,
  "fields": {
    "name": "Can view cart item",
    "content_type": 16,
    "codename": "view_cartitem"
  }
},
{
  "model": "auth.permission",
  "pk": 65,
  "fields": {
    "name": "Can add cart",
    "content_type": 17,
    "codename": "add_cart"
  }
},
{
  "model": "auth.permission",
  "pk": 66,
  "fields": {
    "name": "Can change cart",
    "content_type": 17,
    "codename": "change_cart"
  }
},
{
  "model": "auth.permission",
  "pk": 67,
  "fields": {
    "name": "Can delete cart",
    "content_type": 17,
    "codename": "delete_cart"
  }
},
{
  "model": "auth.permission",
  "pk": 68,
  "fields": {
    "name": "Can view cart",
    "content_type": 17,
    "codename": "view_cart"
  }
},
{
  "model": "auth.permission",
  "pk": 69,
  "fields": {
    "name": "Can add wish list item",
    "content_type": 18,
    "codename": "add_wishlistitem"
  }
},
{
  "model": "auth.permission",
  "pk": 70,
  "fields": {
    "name": "Can change wish list item",
    "content_type": 18,
    "codename": "change_wishlistitem"
  }
},
{
  "model": "auth.permission",
  "pk": 71,
  "fields": {
    "name": "Can delete wish list item",
    "content_type": 18,
    "codename": "delete_wishlistitem"
  }
},
{
  "model": "auth.permission",
  "pk": 72,
  "fields": {
    "name": "Can view wish list item",
    "content_type": 18,
    "codename": "view_wishlistitem"
  }
},
{
  "model": "auth.permission",
  "pk": 73,
  "fields": {
    "name": "Can add wish list",
    "content_type": 19,
    "codename": "add_wishlist"
  }
},
{
  "model": "auth.permission",
  "pk": 74,
  "fields": {
    "name": "Can change wish list",
    "content_type": 19,
    "codename": "change_wishlist"
  }
},
{
  "model": "auth.permission",
  "pk": 75,
  "fields": {
    "name": "Can delete wish list",
    "content_type": 19,
    "codename": "delete_wishlist"
  }
},
{
  "model": "auth.permission",
  "pk": 76,
  "fields": {
    "name": "Can view wish list",
    "content_type": 19,
    "codename": "view_wishlist"
  }
},
{
  "model": "contenttypes.contenttype",
  "pk": 1,
  "fields": {
    "app_label": "admin",
    "model": "logentry"
  }
},
{
  "model": "contenttypes.contenttype",
  "pk": 2,
  "fields": {
    "app_label": "auth",
    "model": "permission"
  }
},
{
  "model": "contenttypes.contenttype",
  "pk": 3,
  "fields": {
    "app_label": "auth",
    "model": "group"
  }
},
{
  "model": "contenttypes.contenttype",
  "pk": 4,
  "fields": {
    "app_label": "contenttypes",
    "model": "contenttype"
  }
},
{
  "model": "contenttypes.contenttype",
  "pk": 5,
  "fields": {
    "app_label": "sessions",
    "model": "session"
  }
},
{
  "model": "contenttypes.contenttype",
  "pk": 6,
  "fields": {
    "app_label": "customers",
    "model": "toyclub"
  }
},
{
  "model": "contenttypes.contenttype",
  "pk": 7,
  "fields": {
    "app_label": "customers",
    "model": "user"
  }
},
{
  "model": "contenttypes.contenttype",
  "pk": 8,
  "fields": {
    "app_label": "order",
    "model": "order"
  }
},
{
  "model": "contenttypes.contenttype",
  "pk": 9,
  "fields": {
    "app_label": "toys",
    "model": "category"
  }
},
{
  "model": "contenttypes.contenttype",
  "pk": 10,
  "fields": {
    "app_label": "toys",
    "model": "toy"
  }
},
{
  "model": "contenttypes.contenttype",
  "pk": 11,
  "fields": {
    "app_label": "cart",
    "model": "cart"
  }
},
{
  "model": "contenttypes.contenttype",
  "pk": 12,
  "fields": {
    "app_label": "cart",
    "model": "cartitem"
  }
},
{
  "model": "contenttypes.contenttype",
  "pk": 13,
  "fields": {
    "app_label": "wishlist",
    "model": "wishlist"
  }
},
{
  "model": "contenttypes.contenttype",
  "pk": 14,
  "fields": {
    "app_label": "wishlist",
    "model": "wishlistitem"
  }
},
{
  "model": "contenttypes.contenttype",
  "pk": 15,
  "fields": {
    "app_label": "orders",
    "model": "order"
  }
},
{
  "model": "contenttypes.contenttype",
  "pk": 16,
  "fields": {
    "app_label": "carts",
    "model": "cartitem"
  }
},
{
  "model": "contenttypes.contenttype",
  "pk": 17,
  "fields": {
    "app_label": "carts",
    "model": "cart"
  }
},
{
  "model": "contenttypes.contenttype",
  "pk": 18,
  "fields": {
    "app_label": "wishlists",
    "model": "wishlistitem"
  }
},
{
  "model": "contenttypes.contenttype",
  "pk": 19,
  "fields": {
    "app_label": "wishlists",
    "model": "wishlist"
  }
},
{
  "model": "sessions.session",
  "pk": "0vznm9qdjlojw8p3vd4jplys7e4wg3ep",
  "fields": {
    "session_data": "eyJsYXN0X3ZpZXdlZF90b3kiOjMzfQ:1u29TX:KwotO62SEjyKU4iUr8pGrLEmDKMWZ_wB2aODL1M9hi4",
    "expire_date": "2025-04-22T13:58:51.073Z"
  }
},
{
  "model": "sessions.session",
  "pk": "23xbenh4g3azdzzh43zpg5nxra2ue0vx",
  "fields": {
    "session_data": ".eJxVjEEOwiAQAP_C2RAodKE9eu8byAKLrTYlKVRjjH_XJj3odWYyL-Zwq6PbCq1uiqxnUrLTL_QYbrTsJl5xuWQe8lLXyfM94YctfMiR5vPR_g1GLOP-TaCUaTudlBRgEhorZJOaBJ0BHUD4jqIGUogIIoIF0-jWBtJeBGPb73TGUt19ogdFV_OT9VK-P7MqPoU:1u2Ou1:J_S3OA58gdxQnr3eJZtYQZl2JKS4RqUNN9L1Fj3vP5c",
    "expire_date": "2025-04-23T06:27:13.876Z"
  }
},
{
  "model": "sessions.session",
  "pk": "2oxlgu7n71ht7qzhwkffxv881epfsmqi",
  "fields": {
    "session_data": "eyJsYXN0X3ZpZXdlZF90b3kiOjI2fQ:1u2SzQ:X78ZiUiPUYYcPSakRYPgBDEJwKz_D2LDBtGfkivQF1s",
    "expire_date": "2025-04-23T10:49:04.110Z"
  }
},
{
  "model": "sessions.session",
  "pk": "39x5uh9xmnn6q0b9mv2xoo1bl4pmphlf",
  "fields": {
    "session_data": "eyJudW1fdmlzaXRzIjoxfQ:1u0I24:sNq1-uyaK3W-H-6IhAyhaebo4JXoJLIFbCLbbzL00ns",
    "expire_date": "2025-04-17T10:42:48.433Z"
  }
},
{
  "model": "sessions.session",
  "pk": "6uqplrh29n3cbhhj8hld7zux30g1i0of",
  "fields": {
    "session_data": ".eJxVjMsOgjAQRf-la9O0hQ6PpXu_oZnpDIISmtCiMcZ_VxI3bO85577VjLmExyRP4VDSS_XupAJuZQxbljVMrHplrTqMhPEuy074hss16ZiWsk6kd0X_adaXxDKf_-7hYMQ8_mphGBAAao-1N0MdrbjKArexE2jRNp2xLjYdGbJDVUXjHaADIvbUehb1-QIldj8o:1u1pDF:XmYvY3vg4h44EbxdZSPLvw3iofB0iqF9OBOurbOs_Rk",
    "expire_date": "2025-04-21T16:20:41.341Z"
  }
},
{
  "model": "sessions.session",
  "pk": "7w4qapru4ea23b578ergs3pviv56s1hx",
  "fields": {
    "session_data": ".eJxVjDsOgzAQBe-ydWTZBi-GMn3OYK29S3A-RsKQJsrdk0g0tG9m3hvK9gyvXPNaYbDeniDQtk5hq7KEzDCAMXAYI6W7lD_hG5XrrNJc1iVH9VfUTqu6zCyP8-4eDiaq068WxpEQsXXUOj22yYhtDLJPvaAn0_Xa2NT1UUczNk3SziJZjJFd9I4FPl_7zz2R:1u0acn:AwcLuLrEdTckAvC2XkU6ncA2RZer6frBkxGcYEuI1cI",
    "expire_date": "2025-04-18T06:33:57.744Z"
  }
},
{
  "model": "sessions.session",
  "pk": "9gekrm2i1piv5pt8eacysjm0lk7gtikj",
  "fields": {
    "session_data": ".eJxVjDsOAiEUAO9CbQjfB1ja7xnI4yerBpJltzLe3ZBsoe3MZN7E47FXf4y8-TWRK-GcXH5hwPjMbZr0wHbvNPa2b2ugM6GnHXTpKb9uZ_s3qDjq_BaQ0miniuQMTEFjGRdFFHAGVAQWXE4KskREYAksGKG0jVkFFo3V5PMF3AU3Jw:1u2ENE:ZDZYPVSzUQpRo-DtwF0B9_RGZs8RWmsNwMDWBWKnThA",
    "expire_date": "2025-04-22T19:12:40.120Z"
  }
},
{
  "model": "sessions.session",
  "pk": "9phzp0qijo23bgxxid1l6mj00wz7ndw5",
  "fields": {
    "session_data": ".eJxVjEEOwiAQRe_C2pAyDFhcuu8ZCAwzUjVtUtqV8e7apAvd_vfef6mYtrXGrfESx6Iuyhh1-h1zogdPOyn3NN1mTfO0LmPWu6IP2vQwF35eD_fvoKZWv7VY8tKJgx5Mxg6dEAbrOQn1gc9iiBDAgUX2nAU8WRQTCgZXEFxW7w8JfjgM:1u2TSN:3QJjFL8WZH5Qhc37G_9wrGS3YzRm2ykE6HuAiD5gaBc",
    "expire_date": "2025-04-23T11:18:59.426Z"
  }
},
{
  "model": "sessions.session",
  "pk": "d9n0tsn05nenq5w3vj4o1hng75vp45yd",
  "fields": {
    "session_data": ".eJxVjEEOwiAQRe_C2pAyDFhcuu8ZCAwzUjVtUtqV8e7apAvd_vfef6mYtrXGrfESx6Iuyhh1-h1zogdPOyn3NN1mTfO0LmPWu6IP2vQwF35eD_fvoKZWv7VY8tKJgx5Mxg6dEAbrOQn1gc9iiBDAgUX2nAU8WRQTCgZXEFxW7w8JfjgM:1u2Ub7:tIDK8RWz-UT2ipxdGuA1rNynGCXRyGGxNG-NAoa4qik",
    "expire_date": "2025-04-23T12:32:05.825Z"
  }
},
{
  "model": "sessions.session",
  "pk": "dol4adpul6dlomshb607l338riuuf1pd",
  "fields": {
    "session_data": "eyJsYXN0X3ZpZXdlZF90b3kiOjh9:1u2Rt2:sy3dk66Q8F0V_tdBvtHf-PrdBoKbj3RtC_ENYmi5dHs",
    "expire_date": "2025-04-23T09:38:24.874Z"
  }
},
{
  "model": "sessions.session",
  "pk": "hc3howq4hotwm88hw8q49jmfwnk4kcur",
  "fields": {
    "session_data": ".eJxVjEsOwiAUAO_C2hB-fdAu3XsG8oCHrZqSFKoxxrtrky50OzOZF_O4ttGvlRY_JTYwKdnhFwaMV5o3ky44nwuPZW7LFPiW8N1WfiqJbse9_RuMWMftm0Fr2_UmaynAZrROSJVVht6CiSBCT8kAaUQEkcCBVaZzkUwQ0bruO71hbf4-0YOSb-XJBgXvD7M3Pos:1u2S39:TqDlWvkqkT9UNUw_BibgWSvsvfXKME3zr42uqRYzNyc",
    "expire_date": "2025-04-23T09:48:51.522Z"
  }
},
{
  "model": "sessions.session",
  "pk": "izdan88s3mc81whp17fgxed5jhex1bsx",
  "fields": {
    "session_data": ".eJxVjEEOwiAURO_C2hDKp9B26d4zkA98bLUpSaEaY7y7NOlCN7OYefPezOJWRrtlWu0U2MCkYqff0qG_07Iv4YbLNXGflrJOju8IP9bMLynQfD7YP8GIeaxv3cZGmkDKOa0pQA810fjeUWdMNKpD8EJGNBEaEYVUvpMglYNeaN3KKp0xF_uY6EnBlvRiA8DnC_dyPxE:1u29c0:TQEW2KdX0IwYknX2d-8vd62zzFcahBEqulLRWEIgYiU",
    "expire_date": "2025-04-22T14:07:36.423Z"
  }
},
{
  "model": "sessions.session",
  "pk": "lg4xtdzf463xkx0kyxp309iryp6kr6eo",
  "fields": {
    "session_data": ".eJxVjsEKwjAQRP8lZwnEtJtNj979hrDJbm21NNCkioj_roUe9DrvzTAvFWitQ1iLLGFk1Snj1OE3jJRuMm-ErzRfsk55rssY9abonRZ9zizTaXf_BgYqw7cNYnsjckRC60zPYLgFsg3G1iewxnv0AImwF0eNhxShtcLRpyiIbns1UanhPspDONT8VJ017w_3gD-e:1u28o6:aA0Q1TYA0-XrIGPepLMSbKcRalAPAz4-zFjJsBezPvk",
    "expire_date": "2025-04-22T13:16:02.459Z"
  }
},
{
  "model": "sessions.session",
  "pk": "mf98qguambw98k2xstcjqjdwtov2r9b1",
  "fields": {
    "session_data": ".eJxVjDsOwjAQBe_iGlleJ94klPScwdpfSADFUj4V4u4QKQW0b2bey2Xa1iFvi815VHd2AO70OzLJw6ad6J2mW_FSpnUe2e-KP-jir0XteTncv4OBluFbm2JPiFgnqlPoawGLFaC20hm2BE0XIErTcWDoq0pCikgRmTVxm9Tc-wP_xzf6:1u1We5:5DeqRqr3UV5qAKAWi8bdDVsC5H5ZWOHQBecI0SC9g5A",
    "expire_date": "2025-04-20T20:31:09.322Z"
  }
},
{
  "model": "sessions.session",
  "pk": "n6144y3hx5rnjg6mkmjw3ghil3xju1fh",
  "fields": {
    "session_data": ".eJxVjDsOwjAQBe_iGlleJ94klPScwdpfSADFUj4V4u4QKQW0b2bey2Xa1iFvi815VHd2AO70OzLJw6ad6J2mW_FSpnUe2e-KP-jir0XteTncv4OBluFbm2JPiFgnqlPoawGLFaC20hm2BE0XIErTcWDoq0pCikgRmTVxm9Tc-wP_xzf6:1u1159:VZ77OMsqNz1O0mCAMZQfRlYUhEKRGUTTRcecQWb6Sq0",
    "expire_date": "2025-04-19T10:48:59.568Z"
  }
},
{
  "model": "sessions.session",
  "pk": "n7tok4op634bjdi5t7loxvq5nvf70grp",
  "fields": {
    "session_data": ".eJxVjEsOwiAUAO_C2hB-fdAu3XsG8oCHrZqSFKoxxrtrky50OzOZF_O4ttGvlRY_JTYwKdnhFwaMV5o3ky44nwuPZW7LFPiW8N1WfiqJbse9_RuMWMftm0Fr2_UmaynAZrROSJVVht6CiSBCT8kAaUQEkcCBVaZzkUwQ0bruO71hbf4-0YOSb-XJBiXeH7MrPoU:1u2Dom:2s2kv35dP4nE-JYKKsMyS24jCArxrSRG2DE73PPrX7s",
    "expire_date": "2025-04-22T18:37:04.481Z"
  }
},
{
  "model": "sessions.session",
  "pk": "paklgpipwp9aehcws1twv9sr81it8iyk",
  "fields": {
    "session_data": ".eJxVjDsOwjAQBe_iGlleJ94klPScwdpfSADFUj4V4u4QKQW0b2bey2Xa1iFvi815VHd2AO70OzLJw6ad6J2mW_FSpnUe2e-KP-jir0XteTncv4OBluFbm2JPiFgnqlPoawGLFaC20hm2BE0XIErTcWDoq0pCikgRmTVxm9Tc-wP_xzf6:1u1flX:pxDm-eqWqSvuMygW5Mb1upRSq-6PNqYnokvVQoU_soI",
    "expire_date": "2025-04-21T06:15:27.590Z"
  }
},
{
  "model": "sessions.session",
  "pk": "ph2enfth5892v9eibh33h7ir0zqqau2a",
  "fields": {
    "session_data": "eyJudW1fdmlzaXRzIjoxfQ:1u0cMt:hpk1BOxOqLcakJVYsgS_6M_pOFcDUEXQWjewmzisnlA",
    "expire_date": "2025-04-18T08:25:39.163Z"
  }
},
{
  "model": "sessions.session",
  "pk": "rx9v0sfj8mfqalg54j7z9x9c38tw7iys",
  "fields": {
    "session_data": ".eJxVjDsOwjAQBe_iGlleJ94klPScwdpfSADFUj4V4u4QKQW0b2bey2Xa1iFvi815VHd2AO70OzLJw6ad6J2mW_FSpnUe2e-KP-jir0XteTncv4OBluFbm2JPiFgnqlPoawGLFaC20hm2BE0XIErTcWDoq0pCikgRmTVxm9Tc-wP_xzf6:1u1ons:uNi3wCc1XrjCgQSpsVXGYmqhNT-iC3eC6Tayc_UtI24",
    "expire_date": "2025-04-21T15:54:28.691Z"
  }
},
{
  "model": "sessions.session",
  "pk": "u47sguyv38pq3iocnfadowjvxt6mijxt",
  "fields": {
    "session_data": ".eJxVjDsOwjAQBe_iGlleJ94klPScwdpfSADFUj4V4u4QKQW0b2bey2Xa1iFvi815VHd2AO70OzLJw6ad6J2mW_FSpnUe2e-KP-jir0XteTncv4OBluFbm2JPiFgnqlPoawGLFaC20hm2BE0XIErTcWDoq0pCikgRmTVxm9Tc-wP_xzf6:1u12mX:jq9DY6_lAfchxDVS3N3eXD6sr3zELNY2NyILno6MaEU",
    "expire_date": "2025-04-19T12:37:53.368Z"
  }
},
{
  "model": "sessions.session",
  "pk": "x6oa9pqhs82anf2e19onbd4apvbqexj5",
  "fields": {
    "session_data": "eyJsYXN0X3ZpZXdlZF90b3kiOjI2fQ:1u2XSg:54ggWwe_i6kX_t_ViCqn2UXTXLjAoehg0poopW5yFpg",
    "expire_date": "2025-04-23T15:35:34.065Z"
  }
},
{
  "model": "sessions.session",
  "pk": "xjxipqb0zrb362ysvbiaripmt9vq83ot",
  "fields": {
    "session_data": "eyJsYXN0X3ZpZXdlZF90b3kiOjExfQ:1u2RwV:k3we1aqGdaWC5FqdkM19dbXhA87qc0AYYSqhs2Q2eKE",
    "expire_date": "2025-04-23T09:41:59.182Z"
  }
},
{
  "model": "sessions.session",
  "pk": "xuvj8c04a26g9vwment6oho6n2zcxj7p",
  "fields": {
    "session_data": ".eJxVjEEOwiAQRe_C2pAgZZhx6d4zkAEGqRqalHbVeHdt0oVu_3vvbyrwutSwdpnDmNVFGa9Ov2Pk9JS2k_zgdp90mtoyj1Hvij5o17cpy-t6uH8HlXv91iC2GJEzMlpvSgaTHbAdMDpKYA0REkBiLOJ5IEgRnJUcKUVB9F69PwmBOD4:1u1Wbi:Jn-kMc9NxbwwH5xytSdJU5rv_EqCTF0P65mbuTzPyqY",
    "expire_date": "2025-04-20T20:28:42.687Z"
  }
},
{
  "model": "sessions.session",
  "pk": "z3g92ixi322y2fkuxnm8oegtgqc5gbb1",
  "fields": {
    "session_data": "eyJsYXN0X3ZpZXdlZF90b3kiOjN9:1u28wa:QQiN87BtfOw7TgiYm3j0K8kwlWzGWJctNi6rNeOFTVg",
    "expire_date": "2025-04-22T13:24:48.585Z"
  }
},
{
  "model": "sessions.session",
  "pk": "zt0nps83zjditl26hh4al1wwut40p38l",
  "fields": {
    "session_data": ".eJxVjEsOwiAUAO_C2hB-fdAu3XsG8oCHrZqSFKoxxrtrky50OzOZF_O4ttGvlRY_JTYwKdnhFwaMV5o3ky44nwuPZW7LFPiW8N1WfiqJbse9_RuMWMftm0Fr2_UmaynAZrROSJVVht6CiSBCT8kAaUQEkcCBVaZzkUwQ0bruO71hbf4-0YOSb-XJBgXvD7M3Pos:1u2Dku:a6D5mKuxoOfStgxVVB2gHqbso6RWkFMgc_2W5msva4Y",
    "expire_date": "2025-04-22T18:33:04.700Z"
  }
},
{
  "model": "customers.toyclub",
  "pk": 1,
  "fields": {
    "user": 3,
    "level": "bronze",
    "unique_number": "ABC12345",
    "created_at": "2025-04-02T09:11:25.372Z",
    "updated_at": "2025-04-08T08:48:34.203Z"
  }
},
{
  "model": "customers.toyclub",
  "pk": 2,
  "fields": {
    "user": 1,
    "level": "silver",
    "unique_number": "BBC12345",
    "created_at": "2025-04-02T09:28:14.771Z",
    "updated_at": "2025-04-08T08:48:43.096Z"
  }
},
{
  "model": "customers.toyclub",
  "pk": 3,
  "fields": {
    "user": 4,
    "level": "gold",
    "unique_number": "CBA12345",
    "created_at": "2025-04-02T09:28:38.305Z",
    "updated_at": "2025-04-08T08:48:54.860Z"
  }
},
{
  "model": "customers.toyclub",
  "pk": 4,
  "fields": {
    "user": 20,
    "level": "gold",
    "unique_number": "â³ôâ123321",
    "created_at": "2025-04-02T09:31:44.667Z",
    "updated_at": "2025-04-09T14:33:35.292Z"
  }
},
{
  "model": "customers.toyclub",
  "pk": 5,
  "fields": {
    "user": 7,
    "level": "gold",
    "unique_number": "ABC1234567",
    "created_at": "2025-04-07T16:24:10.121Z",
    "updated_at": "2025-04-08T08:49:34.907Z"
  }
},
{
  "model": "customers.toyclub",
  "pk": 6,
  "fields": {
    "user": 13,
    "level": "gold",
    "unique_number": "ABC1234538",
    "created_at": "2025-04-07T16:37:09.304Z",
    "updated_at": "2025-04-09T08:38:11.234Z"
  }
},
{
  "model": "customers.toyclub",
  "pk": 7,
  "fields": {
    "user": 11,
    "level": "gold",
    "unique_number": "ABC1233538",
    "created_at": "2025-04-07T16:37:52.015Z",
    "updated_at": "2025-04-07T17:04:56.113Z"
  }
},
{
  "model": "customers.user",
  "pk": 1,
  "fields": {
    "password": "pbkdf2_sha256$260000$JpRSwvWoxxhWYuIRzcoFFi$mJ9+oDUBvI7UvODbEtb5L9tz5Uif2U9hylJmKNg6sVc=",
    "last_login": null,
    "is_superuser": false,
    "username": "johnsmith",
    "first_name": "John",
    "last_name": "Smith",
    "email": "johnsmith@example.com",
    "is_staff": false,
    "is_active": true,
    "date_joined": "2025-04-01T18:01:19.520Z",
    "shop_admin": false,
    "join_date": "2025-04-01T10:56:44.950Z",
    "updated_at": "2025-04-01T17:49:09.950Z",
    "groups": [],
    "user_permissions": []
  }
},
{
  "model": "customers.user",
  "pk": 2,
  "fields": {
    "password": "pbkdf2_sha256$260000$JpRSwvWoxxhWYuIRzcoFFi$mJ9+oDUBvI7UvODbEtb5L9tz5Uif2U9hylJmKNg6sVc=",
    "last_login": null,
    "is_superuser": false,
    "username": "emilyjones",
    "first_name": "Emily",
    "last_name": "Jones",
    "email": "emilyjones@example.com",
    "is_staff": false,
    "is_active": true,
    "date_joined": "2025-04-01T18:01:19.521Z",
    "shop_admin": false,
    "join_date": "2025-04-01T10:56:44.950Z",
    "updated_at": "2025-04-01T17:49:09.950Z",
    "groups": [],
    "user_permissions": []
  }
},
{
  "model": "customers.user",
  "pk": 3,
  "fields": {
    "password": "pbkdf2_sha256$260000$JpRSwvWoxxhWYuIRzcoFFi$mJ9+oDUBvI7UvODbEtb5L9tz5Uif2U9hylJmKNg6sVc=",
    "last_login": null,
    "is_superuser": false,
    "username": "michaelbrown",
    "first_name": "Michael",
    "last_name": "Brown",
    "email": "michaelbrown@example.com",
    "is_staff": false,
    "is_active": true,
    "date_joined": "2025-04-01T18:01:19.522Z",
    "shop_admin": false,
    "join_date": "2025-04-01T10:56:44.950Z",
    "updated_at": "2025-04-01T17:49:09.950Z",
    "groups": [],
    "user_permissions": []
  }
},
{
  "model": "customers.user",
  "pk": 4,
  "fields": {
    "password": "pbkdf2_sha256$260000$JpRSwvWoxxhWYuIRzcoFFi$mJ9+oDUBvI7UvODbEtb5L9tz5Uif2U9hylJmKNg6sVc=",
    "last_login": null,
    "is_superuser": false,
    "username": "sarahjohnson",
    "first_name": "Sarah",
    "last_name": "Johnson",
    "email": "sarahjohnson@example.com",
    "is_staff": false,
    "is_active": true,
    "date_joined": "2025-04-01T18:01:19.522Z",
    "shop_admin": false,
    "join_date": "2025-04-01T10:56:44.950Z",
    "updated_at": "2025-04-01T17:49:09.950Z",
    "groups": [],
    "user_permissions": []
  }
},
{
  "model": "customers.user",
  "pk": 5,
  "fields": {
    "password": "pbkdf2_sha256$260000$JpRSwvWoxxhWYuIRzcoFFi$mJ9+oDUBvI7UvODbEtb5L9tz5Uif2U9hylJmKNg6sVc=",
    "last_login": null,
    "is_superuser": false,
    "username": "davidlee",
    "first_name": "David",
    "last_name": "Lee",
    "email": "davidlee@example.com",
    "is_staff": false,
    "is_active": true,
    "date_joined": "2025-04-01T18:01:19.523Z",
    "shop_admin": false,
    "join_date": "2025-04-01T10:56:44.950Z",
    "updated_at": "2025-04-01T17:49:09.950Z",
    "groups": [],
    "user_permissions": []
  }
},
{
  "model": "customers.user",
  "pk": 6,
  "fields": {
    "password": "pbkdf2_sha256$260000$JpRSwvWoxxhWYuIRzcoFFi$mJ9+oDUBvI7UvODbEtb5L9tz5Uif2U9hylJmKNg6sVc=",
    "last_login": null,
    "is_superuser": false,
    "username": "laurawilson",
    "first_name": "Laura",
    "last_name": "Wilson",
    "email": "laurawilson@example.com",
    "is_staff": false,
    "is_active": true,
    "date_joined": "2025-04-01T18:01:19.524Z",
    "shop_admin": false,
    "join_date": "2025-04-01T10:56:44.950Z",
    "updated_at": "2025-04-01T17:49:09.950Z",
    "groups": [],
    "user_permissions": []
  }
},
{
  "model": "customers.user",
  "pk": 7,
  "fields": {
    "password": "pbkdf2_sha256$1000000$BITwt6vNY6Qph4sjeHeX9S$+ej6GCJrcTui6guKtO4haVnZgrpaN0GfkPkO9Dpd0Ig=",
    "last_login": "2025-04-09T16:06:25.380Z",
    "is_superuser": false,
    "username": "test",
    "first_name": "test",
    "last_name": "Tester",
    "email": "Test@example.com",
    "is_staff": false,
    "is_active": true,
    "date_joined": "2025-04-01T18:01:19Z",
    "shop_admin": true,
    "join_date": "2025-04-01T10:56:44.950Z",
    "updated_at": "2025-04-09T15:52:53.867Z",
    "groups": [],
    "user_permissions": []
  }
},
{
  "model": "customers.user",
  "pk": 8,
  "fields": {
    "password": "pbkdf2_sha256$260000$JpRSwvWoxxhWYuIRzcoFFi$mJ9+oDUBvI7UvODbEtb5L9tz5Uif2U9hylJmKNg6sVc=",
    "last_login": null,
    "is_superuser": false,
    "username": "oliviaclark",
    "first_name": "Olivia",
    "last_name": "Clark",
    "email": "oliviaclark@example.com",
    "is_staff": false,
    "is_active": true,
    "date_joined": "2025-04-01T18:01:19.525Z",
    "shop_admin": false,
    "join_date": "2025-04-01T10:56:44.950Z",
    "updated_at": "2025-04-01T17:49:09.950Z",
    "groups": [],
    "user_permissions": []
  }
},
{
  "model": "customers.user",
  "pk": 9,
  "fields": {
    "password": "pbkdf2_sha256$260000$JpRSwvWoxxhWYuIRzcoFFi$mJ9+oDUBvI7UvODbEtb5L9tz5Uif2U9hylJmKNg6sVc=",
    "last_login": null,
    "is_superuser": false,
    "username": "danielhall",
    "first_name": "Daniel",
    "last_name": "Hall",
    "email": "danielhall@example.com",
    "is_staff": false,
    "is_active": true,
    "date_joined": "2025-04-01T18:01:19.525Z",
    "shop_admin": false,
    "join_date": "2025-04-01T10:56:44.950Z",
    "updated_at": "2025-04-01T17:49:09.950Z",
    "groups": [],
    "user_permissions": []
  }
},
{
  "model": "customers.user",
  "pk": 10,
  "fields": {
    "password": "pbkdf2_sha256$260000$JpRSwvWoxxhWYuIRzcoFFi$mJ9+oDUBvI7UvODbEtb5L9tz5Uif2U9hylJmKNg6sVc=",
    "last_login": null,
    "is_superuser": false,
    "username": "graceyoung",
    "first_name": "Grace",
    "last_name": "Young",
    "email": "graceyoung@example.com",
    "is_staff": false,
    "is_active": true,
    "date_joined": "2025-04-01T18:01:19.526Z",
    "shop_admin": false,
    "join_date": "2025-04-01T10:56:44.950Z",
    "updated_at": "2025-04-01T17:49:09.950Z",
    "groups": [],
    "user_permissions": []
  }
},
{
  "model": "customers.user",
  "pk": 11,
  "fields": {
    "password": "pbkdf2_sha256$1000000$ocrxJq0orkmZcaZbOJt3XE$2aXrIbEvd5rE+XI5vkWJIMeVw+rzd7xImvG2Vt5fc5k=",
    "last_login": "2025-04-09T16:06:02.725Z",
    "is_superuser": true,
    "username": "admin",
    "first_name": "Volodymyr",
    "last_name": "Vinohradov",
    "email": "admin@gmail.com",
    "is_staff": true,
    "is_active": true,
    "date_joined": "2025-04-02T07:35:53Z",
    "shop_admin": true,
    "join_date": "2025-04-02T07:35:54.004Z",
    "updated_at": "2025-04-08T08:57:14.804Z",
    "groups": [],
    "user_permissions": []
  }
},
{
  "model": "orders.order",
  "pk": 1,
  "fields": {
    "user": 11,
    "cart": 7,
    "total_price": "0.00",
    "deliver_to": "Kharkov",
    "delivery_method": "courier",
    "payment_method": "card",
    "recipient": "Shevchenko Julia",
    "created_at": "2025-04-06T12:05:04.968Z",
    "update_at": "2025-04-06T12:05:04.968Z"
  }
},
{
  "model": "orders.order",
  "pk": 2,
  "fields": {
    "user": 11,
    "cart": 8,
    "total_price": "0.00",
    "deliver_to": "kharkov",
    "delivery_method": "courier",
    "payment_method": "card",
    "recipient": "Julia",
    "created_at": "2025-04-06T12:09:51.974Z",
    "update_at": "2025-04-06T12:09:51.974Z"
  }
},
{
  "model": "orders.order",
  "pk": 3,
  "fields": {
    "user": 11,
    "cart": 9,
    "total_price": "0.00",
    "deliver_to": "khorostkiv",
    "delivery_method": "new_post",
    "payment_method": "card",
    "recipient": "Shevchenko Julia",
    "created_at": "2025-04-06T12:17:56.501Z",
    "update_at": "2025-04-06T12:17:56.501Z"
  }
},
{
  "model": "orders.order",
  "pk": 4,
  "fields": {
    "user": 17,
    "cart": 12,
    "total_price": "0.00",
    "deliver_to": "lviv",
    "delivery_method": "new_post",
    "payment_method": "card",
    "recipient": "i am",
    "created_at": "2025-04-06T20:27:13.614Z",
    "update_at": "2025-04-06T20:27:13.614Z"
  }
},
{
  "model": "orders.order",
  "pk": 5,
  "fields": {
    "user": 17,
    "cart": 13,
    "total_price": "0.00",
    "deliver_to": "lviv",
    "delivery_method": "new_post",
    "payment_method": "card",
    "recipient": "i am",
    "created_at": "2025-04-06T20:36:24.609Z",
    "update_at": "2025-04-06T20:36:24.609Z"
  }
},
{
  "model": "orders.order",
  "pk": 6,
  "fields": {
    "user": 17,
    "cart": 14,
    "total_price": "0.00",
    "deliver_to": "lviv",
    "delivery_method": "courier",
    "payment_method": "cash",
    "recipient": "i am",
    "created_at": "2025-04-06T20:38:31.712Z",
    "update_at": "2025-04-06T20:38:31.712Z"
  }
},
{
  "model": "orders.order",
  "pk": 7,
  "fields": {
    "user": 11,
    "cart": 10,
    "total_price": "0.00",
    "deliver_to": "fdsf",
    "delivery_method": "new_post",
    "payment_method": "card",
    "recipient": "fsdfs",
    "created_at": "2025-04-07T10:24:22.066Z",
    "update_at": "2025-04-07T10:24:22.066Z"
  }
},
{
  "model": "orders.order",
  "pk": 8,
  "fields": {
    "user": 11,
    "cart": 15,
    "total_price": "0.00",
    "deliver_to": "dsa",
    "delivery_method": "courier",
    "payment_method": "cash",
    "recipient": "dsa",
    "created_at": "2025-04-07T11:04:32.079Z",
    "update_at": "2025-04-07T11:04:32.079Z"
  }
},
{
  "model": "orders.order",
  "pk": 9,
  "fields": {
    "user": 11,
    "cart": 16,
    "total_price": "0.00",
    "deliver_to": "dasda",
    "delivery_method": "courier",
    "payment_method": "card",
    "recipient": "dasda",
    "created_at": "2025-04-07T14:09:51.583Z",
    "update_at": "2025-04-07T14:09:51.583Z"
  }
},
{
  "model": "orders.order",
  "pk": 10,
  "fields": {
    "user": 11,
    "cart": 17,
    "total_price": "0.00",
    "deliver_to": "dsds",
    "delivery_method": "courier",
    "payment_method": "card",
    "recipient": "dsds",
    "created_at": "2025-04-07T14:11:38.834Z",
    "update_at": "2025-04-07T14:11:38.834Z"
  }
},
{
  "model": "orders.order",
  "pk": 11,
  "fields": {
    "user": 11,
    "cart": 18,
    "total_price": "0.00",
    "deliver_to": "dsd",
    "delivery_method": "courier",
    "payment_method": "card",
    "recipient": "dsds",
    "created_at": "2025-04-07T14:15:26.052Z",
    "update_at": "2025-04-07T14:15:26.052Z"
  }
},
{
  "model": "orders.order",
  "pk": 12,
  "fields": {
    "user": 11,
    "cart": 19,
    "total_price": "0.00",
    "deliver_to": "вфівф",
    "delivery_method": "courier",
    "payment_method": "cash",
    "recipient": "вфівф",
    "created_at": "2025-04-07T14:31:02.394Z",
    "update_at": "2025-04-07T14:31:02.394Z"
  }
},
{
  "model": "orders.order",
  "pk": 13,
  "fields": {
    "user": 17,
    "cart": 21,
    "total_price": "0.00",
    "deliver_to": "lviv",
    "delivery_method": "new_post",
    "payment_method": "card",
    "recipient": "i am",
    "created_at": "2025-04-08T13:17:13.157Z",
    "update_at": "2025-04-08T13:17:13.157Z"
  }
},
{
  "model": "orders.order",
  "pk": 14,
  "fields": {
    "user": 16,
    "cart": 11,
    "total_price": "0.00",
    "deliver_to": "Kharkiv",
    "delivery_method": "new_post",
    "payment_method": "card",
    "recipient": "Volodya",
    "created_at": "2025-04-09T08:43:58.173Z",
    "update_at": "2025-04-09T08:43:58.173Z"
  }
},
{
  "model": "orders.order",
  "pk": 15,
  "fields": {
    "user": 11,
    "cart": 20,
    "total_price": "0.00",
    "deliver_to": "dsds",
    "delivery_method": "new_post",
    "payment_method": "card",
    "recipient": "fsfds",
    "created_at": "2025-04-09T14:34:18.661Z",
    "update_at": "2025-04-09T14:34:18.661Z"
  }
},
{
  "model": "orders.order",
  "pk": 16,
  "fields": {
    "user": 11,
    "cart": 23,
    "total_price": "0.00",
    "deliver_to": "Kharkiv",
    "delivery_method": "new_post",
    "payment_method": "card",
    "recipient": "Anton",
    "created_at": "2025-04-09T15:56:23.660Z",
    "update_at": "2025-04-09T15:56:23.660Z"
  }
},
{
  "model": "toys.category",
  "pk": 1,
  "fields": {
    "name": "Cars & Vehicles",
    "created_at": "2025-04-01T17:49:09.968Z",
    "updated_at": "2025-04-01T17:49:09.968Z"
  }
},
{
  "model": "toys.category",
  "pk": 2,
  "fields": {
    "name": "Dolls & Accessories",
    "created_at": "2025-04-01T17:49:09.968Z",
    "updated_at": "2025-04-01T17:49:09.968Z"
  }
},
{
  "model": "toys.category",
  "pk": 3,
  "fields": {
    "name": "Building Blocks",
    "created_at": "2025-04-01T17:49:09.968Z",
    "updated_at": "2025-04-01T17:49:09.968Z"
  }
},
{
  "model": "toys.category",
  "pk": 4,
  "fields": {
    "name": "Board Games",
    "created_at": "2025-04-01T17:49:09.968Z",
    "updated_at": "2025-04-01T17:49:09.968Z"
  }
},
{
  "model": "toys.category",
  "pk": 5,
  "fields": {
    "name": "Action Figures",
    "created_at": "2025-04-01T17:49:09.968Z",
    "updated_at": "2025-04-01T17:49:09.968Z"
  }
},
{
  "model": "toys.category",
  "pk": 6,
  "fields": {
    "name": "Stuffed Animals",
    "created_at": "2025-04-01T17:49:09.968Z",
    "updated_at": "2025-04-01T17:49:09.968Z"
  }
},
{
  "model": "toys.category",
  "pk": 7,
  "fields": {
    "name": "Educational Toys",
    "created_at": "2025-04-01T17:49:09.968Z",
    "updated_at": "2025-04-01T17:49:09.968Z"
  }
},
{
  "model": "toys.category",
  "pk": 8,
  "fields": {
    "name": "Outdoor Toys",
    "created_at": "2025-04-01T17:49:09.968Z",
    "updated_at": "2025-04-01T17:49:09.968Z"
  }
},
{
  "model": "toys.category",
  "pk": 9,
  "fields": {
    "name": "Electronic Toys",
    "created_at": "2025-04-01T17:49:09.968Z",
    "updated_at": "2025-04-01T17:49:09.968Z"
  }
},
{
  "model": "toys.category",
  "pk": 10,
  "fields": {
    "name": "Craft Supplies",
    "created_at": "2025-04-01T17:49:09.968Z",
    "updated_at": "2025-04-01T17:49:09.968Z"
  }
},
{
  "model": "toys.toy",
  "pk": 1,
  "fields": {
    "owner": 1,
    "name": "Mirror",
    "description": "Some dolls acsessories",
    "price": "905.80",
    "stock": 11,
    "manufacturer": "Wilkinson, House and Carter",
    "photo": "toys/acsessories1.jpeg",
    "created_at": "2025-04-01T17:49:09.970Z",
    "updated_at": "2025-04-09T15:20:37.364Z",
    "category": [
      2,
      7
    ]
  }
},
{
  "model": "toys.toy",
  "pk": 2,
  "fields": {
    "owner": 9,
    "name": "Red car",
    "description": "Super speed red car",
    "price": "602.80",
    "stock": 15,
    "manufacturer": "Wagner-Chavez",
    "photo": "toys/car1.jpeg",
    "created_at": "2025-04-01T17:49:09.970Z",
    "updated_at": "2025-04-09T15:21:18.445Z",
    "category": [
      1
    ]
  }
},
{
  "model": "toys.toy",
  "pk": 3,
  "fields": {
    "owner": 10,
    "name": "Yellow car",
    "description": "Car contructor",
    "price": "968.50",
    "stock": 15,
    "manufacturer": "Booth PLC",
    "photo": "toys/car2.jpeg",
    "created_at": "2025-04-01T17:49:09.970Z",
    "updated_at": "2025-04-09T15:21:51.890Z",
    "category": [
      1,
      9,
      10
    ]
  }
},
{
  "model": "toys.toy",
  "pk": 4,
  "fields": {
    "owner": 7,
    "name": "Constructor",
    "description": "aducational contructor for kids",
    "price": "157.20",
    "stock": 6,
    "manufacturer": "Brady, Gomez and Smith",
    "photo": "toys/constructor1.jpeg",
    "created_at": "2025-04-01T17:49:09.970Z",
    "updated_at": "2025-04-09T15:32:10.649Z",
    "category": [
      5,
      7,
      10
    ]
  }
},
{
  "model": "toys.toy",
  "pk": 5,
  "fields": {
    "owner": 9,
    "name": "Puzzle touch screen",
    "description": "Lot hit modern.",
    "price": "827.10",
    "stock": 8,
    "manufacturer": "Hensley, Gillespie and Bailey",
    "photo": "toys/constructor2.jpeg",
    "created_at": "2025-04-01T17:49:09.971Z",
    "updated_at": "2025-04-09T15:32:47.741Z",
    "category": [
      7,
      9
    ]
  }
},
{
  "model": "toys.toy",
  "pk": 6,
  "fields": {
    "owner": 6,
    "name": "Abacus",
    "description": "The child is learning to count on an abacus.",
    "price": "108.70",
    "stock": 12,
    "manufacturer": "Goodman Ltd",
    "photo": "toys/constructor3.jpeg",
    "created_at": "2025-04-01T17:49:09.971Z",
    "updated_at": "2025-04-09T15:34:01.106Z",
    "category": [
      4,
      5
    ]
  }
},
{
  "model": "toys.toy",
  "pk": 7,
  "fields": {
    "owner": 5,
    "name": "Lily Doll",
    "description": "Us as summer pretty if worry.",
    "price": "271.90",
    "stock": 12,
    "manufacturer": "Taylor, Smith and Cox",
    "photo": "toys/doll2.jpeg",
    "created_at": "2025-04-01T17:49:09.971Z",
    "updated_at": "2025-04-09T15:34:36.799Z",
    "category": [
      2,
      5,
      7
    ]
  }
},
{
  "model": "toys.toy",
  "pk": 8,
  "fields": {
    "owner": 7,
    "name": "Blue Luffy Dolly",
    "description": "Help half much where civil ball speech that.",
    "price": "472.70",
    "stock": 14,
    "manufacturer": "Richards-Lopez",
    "photo": "toys/doll4.jpeg",
    "created_at": "2025-04-01T17:49:09.972Z",
    "updated_at": "2025-04-09T15:35:29.861Z",
    "category": [
      2,
      5
    ]
  }
},
{
  "model": "toys.toy",
  "pk": 10,
  "fields": {
    "owner": 8,
    "name": "Logical toy",
    "description": "Board just major author eight often.",
    "price": "199.30",
    "stock": 2,
    "manufacturer": "Lucas-Oliver",
    "photo": "toys/kid1.jpeg",
    "created_at": "2025-04-01T17:49:09.972Z",
    "updated_at": "2025-04-09T15:36:20.284Z",
    "category": [
      3,
      4,
      10
    ]
  }
},
{
  "model": "toys.toy",
  "pk": 11,
  "fields": {
    "owner": 4,
    "name": "Dinosaur",
    "description": "T-REX",
    "price": "833.70",
    "stock": 10,
    "manufacturer": "Lang, Harris and Yates",
    "photo": "toys/monts1.jpeg",
    "created_at": "2025-04-01T17:49:09.973Z",
    "updated_at": "2025-04-09T15:37:08.738Z",
    "category": [
      5,
      6,
      8
    ]
  }
},
{
  "model": "toys.toy",
  "pk": 12,
  "fields": {
    "owner": 1,
    "name": "John's Toy",
    "description": "Focus measure summer speak.",
    "price": "817.00",
    "stock": 8,
    "manufacturer": "Fernandez, Delacruz and Hanna",
    "photo": "toys/dol3.jpeg",
    "created_at": "2025-04-01T17:49:09.973Z",
    "updated_at": "2025-04-09T15:19:13.321Z",
    "category": [
      3
    ]
  }
},
{
  "model": "toys.toy",
  "pk": 13,
  "fields": {
    "owner": 3,
    "name": "Lolly Molly",
    "description": "Both seven city nothing east.",
    "price": "755.40",
    "stock": 17,
    "manufacturer": "Valenzuela, Boyer and Holmes",
    "photo": "toys/toy4.jpeg",
    "created_at": "2025-04-01T17:49:09.974Z",
    "updated_at": "2025-04-09T15:37:45.459Z",
    "category": [
      3,
      9
    ]
  }
},
{
  "model": "toys.toy",
  "pk": 14,
  "fields": {
    "owner": 3,
    "name": "Joystic Game pad",
    "description": "Simply for powerful games",
    "price": "853.70",
    "stock": 12,
    "manufacturer": "Sharp Group",
    "photo": "toys/toy5.jpeg",
    "created_at": "2025-04-01T17:49:09.974Z",
    "updated_at": "2025-04-09T15:38:29.677Z",
    "category": [
      4,
      5,
      9
    ]
  }
},
{
  "model": "toys.toy",
  "pk": 15,
  "fields": {
    "owner": 5,
    "name": "Teddy Bear",
    "description": "Talk article charge.",
    "price": "662.20",
    "stock": 15,
    "manufacturer": "Welch-Hunt",
    "photo": "toys/toy6.jpeg",
    "created_at": "2025-04-01T17:49:09.974Z",
    "updated_at": "2025-04-09T15:39:15.268Z",
    "category": [
      2,
      5,
      7
    ]
  }
},
{
  "model": "toys.toy",
  "pk": 16,
  "fields": {
    "owner": 9,
    "name": "RainBow spiral",
    "description": "Station sense perform do.",
    "price": "328.80",
    "stock": 13,
    "manufacturer": "Anderson Inc",
    "photo": "toys/toy7.jpeg",
    "created_at": "2025-04-01T17:49:09.974Z",
    "updated_at": "2025-04-09T15:39:50.823Z",
    "category": [
      2,
      3,
      4,
      8
    ]
  }
},
{
  "model": "toys.toy",
  "pk": 17,
  "fields": {
    "owner": 7,
    "name": "Board Deck",
    "description": "Drive discover crime born cold successful.",
    "price": "638.90",
    "stock": 0,
    "manufacturer": "Burke-Schwartz",
    "photo": "toys/toy8.jpeg",
    "created_at": "2025-04-01T17:49:09.975Z",
    "updated_at": "2025-04-09T15:40:25.198Z",
    "category": [
      3,
      4,
      10
    ]
  }
},
{
  "model": "toys.toy",
  "pk": 18,
  "fields": {
    "owner": 8,
    "name": "Watering can",
    "description": "A container with a spout, used to water plants.",
    "price": "630.30",
    "stock": 4,
    "manufacturer": "Jensen-Johnson",
    "photo": "toys/toy9.jpeg",
    "created_at": "2025-04-01T17:49:09.975Z",
    "updated_at": "2025-04-09T15:41:45.194Z",
    "category": [
      8,
      10
    ]
  }
},
{
  "model": "toys.toy",
  "pk": 19,
  "fields": {
    "owner": 6,
    "name": "Green water can",
    "description": "A container with a spout, used to water plants.",
    "price": "779.00",
    "stock": 13,
    "manufacturer": "Padilla-Ford",
    "photo": "toys/toy10.jpeg",
    "created_at": "2025-04-01T17:49:09.975Z",
    "updated_at": "2025-04-09T15:42:38.079Z",
    "category": [
      3,
      6,
      8,
      10
    ]
  }
},
{
  "model": "toys.toy",
  "pk": 20,
  "fields": {
    "owner": 9,
    "name": "Tools",
    "description": "make your life easier",
    "price": "232.30",
    "stock": 9,
    "manufacturer": "Berry, Houston and Li",
    "photo": "toys/toy11.jpeg",
    "created_at": "2025-04-01T17:49:09.975Z",
    "updated_at": "2025-04-09T15:43:21.535Z",
    "category": [
      3,
      8,
      10
    ]
  }
},
{
  "model": "toys.toy",
  "pk": 21,
  "fields": {
    "owner": 5,
    "name": "Punny Bear",
    "description": "Education west pattern view world manage run skill.",
    "price": "220.30",
    "stock": 1,
    "manufacturer": "Knight LLC",
    "photo": "toys/toy12.jpeg",
    "created_at": "2025-04-01T17:49:09.976Z",
    "updated_at": "2025-04-09T15:43:58.795Z",
    "category": [
      7
    ]
  }
},
{
  "model": "toys.toy",
  "pk": 22,
  "fields": {
    "owner": 2,
    "name": "Globus",
    "description": "World in your hand",
    "price": "689.50",
    "stock": 7,
    "manufacturer": "Turner, Banks and Cox",
    "photo": "toys/toy13.jpeg",
    "created_at": "2025-04-01T17:49:09.976Z",
    "updated_at": "2025-04-09T15:44:44.533Z",
    "category": [
      3,
      4
    ]
  }
},
{
  "model": "toys.toy",
  "pk": 23,
  "fields": {
    "owner": 2,
    "name": "playdough",
    "description": "If enter worry.",
    "price": "583.10",
    "stock": 14,
    "manufacturer": "Martin Inc",
    "photo": "toys/toy15.jpeg",
    "created_at": "2025-04-01T17:49:09.976Z",
    "updated_at": "2025-04-09T15:47:36.567Z",
    "category": [
      3,
      5,
      7
    ]
  }
},
{
  "model": "toys.toy",
  "pk": 24,
  "fields": {
    "owner": 3,
    "name": "playdough red",
    "description": "Blue fine exactly force room he a necessary.",
    "price": "666.70",
    "stock": 20,
    "manufacturer": "Burch-Murphy",
    "photo": "toys/toy16.jpeg",
    "created_at": "2025-04-01T17:49:09.977Z",
    "updated_at": "2025-04-09T15:48:17.648Z",
    "category": [
      2,
      3,
      4
    ]
  }
},
{
  "model": "toys.toy",
  "pk": 26,
  "fields": {
    "owner": 10,
    "name": "Cute Dolly",
    "description": "Site result crime involve research.",
    "price": "856.30",
    "stock": 20,
    "manufacturer": "Murphy, Wilson and Hudson",
    "photo": "toys/doll1.jpeg",
    "created_at": "2025-04-01T17:49:09.977Z",
    "updated_at": "2025-04-09T15:18:05.832Z",
    "category": [
      2
    ]
  }
},
{
  "model": "toys.toy",
  "pk": 30,
  "fields": {
    "owner": 7,
    "name": "Calculator",
    "description": "Here consumer economic newspaper Mr clear executive.",
    "price": "473.40",
    "stock": 9,
    "manufacturer": "Thomas Inc",
    "photo": "toys/toy14.jpeg",
    "created_at": "2025-04-01T17:49:09.978Z",
    "updated_at": "2025-04-09T15:46:47.754Z",
    "category": [
      2,
      7,
      9
    ]
  }
},
{
  "model": "toys.toy",
  "pk": 31,
  "fields": {
    "owner": 11,
    "name": "Black man",
    "description": "super toy like it",
    "price": "126.49",
    "stock": 29,
    "manufacturer": "Liberty production",
    "photo": "toys\\dol3_ERc2c9a.jpeg",
    "created_at": "2025-04-06T08:39:04.074Z",
    "updated_at": "2025-04-09T15:45:56.407Z",
    "category": [
      1,
      4,
      5,
      6,
      7
    ]
  }
},
{
  "model": "carts.cart",
  "pk": 2,
  "fields": {
    "user": 11,
    "order_time": "2025-04-03T12:52:52.470Z",
    "is_active": false
  }
},
{
  "model": "carts.cart",
  "pk": 3,
  "fields": {
    "user": 11,
    "order_time": "2025-04-03T13:15:20.907Z",
    "is_active": false
  }
},
{
  "model": "carts.cart",
  "pk": 4,
  "fields": {
    "user": 11,
    "order_time": "2025-04-03T13:16:33.492Z",
    "is_active": false
  }
},
{
  "model": "carts.cart",
  "pk": 5,
  "fields": {
    "user": 11,
    "order_time": "2025-04-05T18:41:33.136Z",
    "is_active": false
  }
},
{
  "model": "carts.cart",
  "pk": 6,
  "fields": {
    "user": 11,
    "order_time": "2025-04-05T18:44:37.254Z",
    "is_active": false
  }
},
{
  "model": "carts.cart",
  "pk": 7,
  "fields": {
    "user": 11,
    "order_time": "2025-04-05T18:59:51.056Z",
    "is_active": false
  }
},
{
  "model": "carts.cart",
  "pk": 8,
  "fields": {
    "user": 11,
    "order_time": "2025-04-06T12:05:37.127Z",
    "is_active": false
  }
},
{
  "model": "carts.cart",
  "pk": 9,
  "fields": {
    "user": 11,
    "order_time": "2025-04-06T12:17:10.460Z",
    "is_active": false
  }
},
{
  "model": "carts.cart",
  "pk": 10,
  "fields": {
    "user": 11,
    "order_time": "2025-04-06T13:03:46.613Z",
    "is_active": false
  }
},
{
  "model": "carts.cart",
  "pk": 11,
  "fields": {
    "user": 16,
    "order_time": "2025-04-06T15:50:04.104Z",
    "is_active": false
  }
},
{
  "model": "carts.cart",
  "pk": 12,
  "fields": {
    "user": 17,
    "order_time": "2025-04-06T20:23:51.338Z",
    "is_active": false
  }
},
{
  "model": "carts.cart",
  "pk": 13,
  "fields": {
    "user": 17,
    "order_time": "2025-04-06T20:29:46.182Z",
    "is_active": false
  }
},
{
  "model": "carts.cart",
  "pk": 14,
  "fields": {
    "user": 17,
    "order_time": "2025-04-06T20:37:35.891Z",
    "is_active": false
  }
},
{
  "model": "carts.cart",
  "pk": 15,
  "fields": {
    "user": 11,
    "order_time": "2025-04-07T11:04:16.541Z",
    "is_active": false
  }
},
{
  "model": "carts.cart",
  "pk": 16,
  "fields": {
    "user": 11,
    "order_time": "2025-04-07T11:04:39.804Z",
    "is_active": false
  }
},
{
  "model": "carts.cart",
  "pk": 17,
  "fields": {
    "user": 11,
    "order_time": "2025-04-07T14:10:43.707Z",
    "is_active": false
  }
},
{
  "model": "carts.cart",
  "pk": 18,
  "fields": {
    "user": 11,
    "order_time": "2025-04-07T14:15:15.099Z",
    "is_active": false
  }
},
{
  "model": "carts.cart",
  "pk": 19,
  "fields": {
    "user": 11,
    "order_time": "2025-04-07T14:16:11.316Z",
    "is_active": false
  }
},
{
  "model": "carts.cart",
  "pk": 20,
  "fields": {
    "user": 11,
    "order_time": "2025-04-07T14:31:06.660Z",
    "is_active": false
  }
},
{
  "model": "carts.cart",
  "pk": 21,
  "fields": {
    "user": 17,
    "order_time": "2025-04-08T13:16:51.426Z",
    "is_active": false
  }
},
{
  "model": "carts.cart",
  "pk": 22,
  "fields": {
    "user": 24,
    "order_time": "2025-04-08T14:07:31.131Z",
    "is_active": true
  }
},
{
  "model": "carts.cart",
  "pk": 23,
  "fields": {
    "user": 11,
    "order_time": "2025-04-09T15:55:48.063Z",
    "is_active": false
  }
},
{
  "model": "carts.cart",
  "pk": 24,
  "fields": {
    "user": 11,
    "order_time": "2025-04-09T15:57:54.968Z",
    "is_active": true
  }
},
{
  "model": "carts.cartitem",
  "pk": 7,
  "fields": {
    "cart": 2,
    "toy": 1,
    "quantity": 1,
    "total_price": "905.80",
    "created_at": "2025-04-03T12:52:52.747Z",
    "updated_at": "2025-04-03T12:52:52.747Z"
  }
},
{
  "model": "carts.cartitem",
  "pk": 8,
  "fields": {
    "cart": 2,
    "toy": 2,
    "quantity": 2,
    "total_price": "1205.60",
    "created_at": "2025-04-03T12:52:54.108Z",
    "updated_at": "2025-04-03T13:07:08.163Z"
  }
},
{
  "model": "carts.cartitem",
  "pk": 9,
  "fields": {
    "cart": 2,
    "toy": 3,
    "quantity": 1,
    "total_price": "968.50",
    "created_at": "2025-04-03T12:52:55.542Z",
    "updated_at": "2025-04-03T12:52:55.542Z"
  }
},
{
  "model": "carts.cartitem",
  "pk": 10,
  "fields": {
    "cart": 2,
    "toy": 4,
    "quantity": 1,
    "total_price": "157.20",
    "created_at": "2025-04-03T12:52:59.926Z",
    "updated_at": "2025-04-03T12:52:59.926Z"
  }
},
{
  "model": "carts.cartitem",
  "pk": 11,
  "fields": {
    "cart": 2,
    "toy": 6,
    "quantity": 1,
    "total_price": "108.70",
    "created_at": "2025-04-03T13:07:37.413Z",
    "updated_at": "2025-04-03T13:07:37.413Z"
  }
},
{
  "model": "carts.cartitem",
  "pk": 12,
  "fields": {
    "cart": 2,
    "toy": 5,
    "quantity": 1,
    "total_price": "827.10",
    "created_at": "2025-04-03T13:07:39.446Z",
    "updated_at": "2025-04-03T13:07:39.446Z"
  }
},
{
  "model": "carts.cartitem",
  "pk": 13,
  "fields": {
    "cart": 4,
    "toy": 2,
    "quantity": 4,
    "total_price": "2411.20",
    "created_at": "2025-04-03T13:16:33.866Z",
    "updated_at": "2025-04-05T12:37:02.524Z"
  }
},
{
  "model": "carts.cartitem",
  "pk": 14,
  "fields": {
    "cart": 4,
    "toy": 3,
    "quantity": 4,
    "total_price": "3874.00",
    "created_at": "2025-04-03T13:16:36.060Z",
    "updated_at": "2025-04-05T18:34:09.936Z"
  }
},
{
  "model": "carts.cartitem",
  "pk": 15,
  "fields": {
    "cart": 4,
    "toy": 4,
    "quantity": 6,
    "total_price": "943.20",
    "created_at": "2025-04-03T13:16:38.943Z",
    "updated_at": "2025-04-05T18:34:08.050Z"
  }
},
{
  "model": "carts.cartitem",
  "pk": 16,
  "fields": {
    "cart": 4,
    "toy": 6,
    "quantity": 2,
    "total_price": "217.40",
    "created_at": "2025-04-03T17:14:56.492Z",
    "updated_at": "2025-04-03T17:24:26.294Z"
  }
},
{
  "model": "carts.cartitem",
  "pk": 17,
  "fields": {
    "cart": 4,
    "toy": 5,
    "quantity": 2,
    "total_price": "1654.20",
    "created_at": "2025-04-03T17:14:59.930Z",
    "updated_at": "2025-04-03T17:24:29.859Z"
  }
},
{
  "model": "carts.cartitem",
  "pk": 18,
  "fields": {
    "cart": 4,
    "toy": 7,
    "quantity": 1,
    "total_price": "271.90",
    "created_at": "2025-04-03T17:24:36.953Z",
    "updated_at": "2025-04-03T17:24:36.953Z"
  }
},
{
  "model": "carts.cartitem",
  "pk": 19,
  "fields": {
    "cart": 4,
    "toy": 26,
    "quantity": 1,
    "total_price": "856.30",
    "created_at": "2025-04-03T17:24:45.361Z",
    "updated_at": "2025-04-03T17:24:45.361Z"
  }
},
{
  "model": "carts.cartitem",
  "pk": 21,
  "fields": {
    "cart": 4,
    "toy": 11,
    "quantity": 1,
    "total_price": "833.70",
    "created_at": "2025-04-04T13:18:54.057Z",
    "updated_at": "2025-04-04T13:18:54.057Z"
  }
},
{
  "model": "carts.cartitem",
  "pk": 22,
  "fields": {
    "cart": 4,
    "toy": 12,
    "quantity": 1,
    "total_price": "817.00",
    "created_at": "2025-04-04T13:25:23.834Z",
    "updated_at": "2025-04-04T13:25:23.834Z"
  }
},
{
  "model": "carts.cartitem",
  "pk": 23,
  "fields": {
    "cart": 4,
    "toy": 1,
    "quantity": 1,
    "total_price": "905.80",
    "created_at": "2025-04-04T14:43:54.346Z",
    "updated_at": "2025-04-04T14:43:54.346Z"
  }
},
{
  "model": "carts.cartitem",
  "pk": 24,
  "fields": {
    "cart": 5,
    "toy": 3,
    "quantity": 1,
    "total_price": "968.50",
    "created_at": "2025-04-05T18:42:48.808Z",
    "updated_at": "2025-04-05T18:42:48.808Z"
  }
},
{
  "model": "carts.cartitem",
  "pk": 25,
  "fields": {
    "cart": 5,
    "toy": 4,
    "quantity": 1,
    "total_price": "157.20",
    "created_at": "2025-04-05T18:42:50.396Z",
    "updated_at": "2025-04-05T18:42:50.396Z"
  }
},
{
  "model": "carts.cartitem",
  "pk": 26,
  "fields": {
    "cart": 5,
    "toy": 2,
    "quantity": 1,
    "total_price": "602.80",
    "created_at": "2025-04-05T18:42:51.547Z",
    "updated_at": "2025-04-05T18:42:51.547Z"
  }
},
{
  "model": "carts.cartitem",
  "pk": 27,
  "fields": {
    "cart": 6,
    "toy": 1,
    "quantity": 2,
    "total_price": "1811.60",
    "created_at": "2025-04-05T18:44:44.417Z",
    "updated_at": "2025-04-05T18:44:46.818Z"
  }
},
{
  "model": "carts.cartitem",
  "pk": 28,
  "fields": {
    "cart": 6,
    "toy": 2,
    "quantity": 1,
    "total_price": "602.80",
    "created_at": "2025-04-05T18:44:45.281Z",
    "updated_at": "2025-04-05T18:44:45.281Z"
  }
},
{
  "model": "carts.cartitem",
  "pk": 31,
  "fields": {
    "cart": 7,
    "toy": 4,
    "quantity": 2,
    "total_price": "314.40",
    "created_at": "2025-04-05T19:14:28.332Z",
    "updated_at": "2025-04-06T07:38:18.120Z"
  }
},
{
  "model": "carts.cartitem",
  "pk": 32,
  "fields": {
    "cart": 7,
    "toy": 3,
    "quantity": 8,
    "total_price": "7748.00",
    "created_at": "2025-04-05T19:16:16.979Z",
    "updated_at": "2025-04-06T07:38:19.444Z"
  }
},
{
  "model": "carts.cartitem",
  "pk": 34,
  "fields": {
    "cart": 7,
    "toy": 2,
    "quantity": 5,
    "total_price": "3014.00",
    "created_at": "2025-04-05T19:27:50.395Z",
    "updated_at": "2025-04-06T10:22:41.346Z"
  }
},
{
  "model": "carts.cartitem",
  "pk": 35,
  "fields": {
    "cart": 7,
    "toy": 1,
    "quantity": 2,
    "total_price": "1811.60",
    "created_at": "2025-04-05T20:59:13.272Z",
    "updated_at": "2025-04-06T07:38:22.329Z"
  }
},
{
  "model": "carts.cartitem",
  "pk": 38,
  "fields": {
    "cart": 8,
    "toy": 1,
    "quantity": 1,
    "total_price": "905.80",
    "created_at": "2025-04-06T12:05:37.418Z",
    "updated_at": "2025-04-06T12:05:37.692Z"
  }
},
{
  "model": "carts.cartitem",
  "pk": 39,
  "fields": {
    "cart": 8,
    "toy": 2,
    "quantity": 1,
    "total_price": "602.80",
    "created_at": "2025-04-06T12:05:38.862Z",
    "updated_at": "2025-04-06T12:05:39.100Z"
  }
},
{
  "model": "carts.cartitem",
  "pk": 40,
  "fields": {
    "cart": 9,
    "toy": 1,
    "quantity": 1,
    "total_price": "905.80",
    "created_at": "2025-04-06T12:17:10.774Z",
    "updated_at": "2025-04-06T12:17:11.098Z"
  }
},
{
  "model": "carts.cartitem",
  "pk": 41,
  "fields": {
    "cart": 9,
    "toy": 2,
    "quantity": 1,
    "total_price": "602.80",
    "created_at": "2025-04-06T12:17:13.060Z",
    "updated_at": "2025-04-06T12:17:13.298Z"
  }
},
{
  "model": "carts.cartitem",
  "pk": 42,
  "fields": {
    "cart": 9,
    "toy": 3,
    "quantity": 1,
    "total_price": "968.50",
    "created_at": "2025-04-06T12:17:14.444Z",
    "updated_at": "2025-04-06T12:17:14.707Z"
  }
},
{
  "model": "carts.cartitem",
  "pk": 43,
  "fields": {
    "cart": 9,
    "toy": 4,
    "quantity": 1,
    "total_price": "157.20",
    "created_at": "2025-04-06T12:17:15.945Z",
    "updated_at": "2025-04-06T12:17:16.241Z"
  }
},
{
  "model": "carts.cartitem",
  "pk": 44,
  "fields": {
    "cart": 10,
    "toy": 1,
    "quantity": 3,
    "total_price": "2717.40",
    "created_at": "2025-04-06T13:04:18.597Z",
    "updated_at": "2025-04-06T17:28:04.419Z"
  }
},
{
  "model": "carts.cartitem",
  "pk": 45,
  "fields": {
    "cart": 10,
    "toy": 2,
    "quantity": 2,
    "total_price": "1205.60",
    "created_at": "2025-04-06T13:04:19.276Z",
    "updated_at": "2025-04-06T17:28:05.440Z"
  }
},
{
  "model": "carts.cartitem",
  "pk": 46,
  "fields": {
    "cart": 10,
    "toy": 3,
    "quantity": 2,
    "total_price": "1937.00",
    "created_at": "2025-04-06T13:04:20.093Z",
    "updated_at": "2025-04-06T17:28:07.055Z"
  }
},
{
  "model": "carts.cartitem",
  "pk": 47,
  "fields": {
    "cart": 11,
    "toy": 2,
    "quantity": 1,
    "total_price": "602.80",
    "created_at": "2025-04-06T15:50:04.424Z",
    "updated_at": "2025-04-06T15:50:04.667Z"
  }
},
{
  "model": "carts.cartitem",
  "pk": 48,
  "fields": {
    "cart": 10,
    "toy": 4,
    "quantity": 1,
    "total_price": "157.20",
    "created_at": "2025-04-06T17:28:08.572Z",
    "updated_at": "2025-04-06T17:28:08.850Z"
  }
},
{
  "model": "carts.cartitem",
  "pk": 49,
  "fields": {
    "cart": 12,
    "toy": 3,
    "quantity": 1,
    "total_price": "968.50",
    "created_at": "2025-04-06T20:23:55.147Z",
    "updated_at": "2025-04-06T20:23:55.391Z"
  }
},
{
  "model": "carts.cartitem",
  "pk": 50,
  "fields": {
    "cart": 12,
    "toy": 4,
    "quantity": 1,
    "total_price": "157.20",
    "created_at": "2025-04-06T20:23:57.874Z",
    "updated_at": "2025-04-06T20:23:58.188Z"
  }
},
{
  "model": "carts.cartitem",
  "pk": 51,
  "fields": {
    "cart": 13,
    "toy": 11,
    "quantity": 1,
    "total_price": "833.70",
    "created_at": "2025-04-06T20:29:46.490Z",
    "updated_at": "2025-04-06T20:29:46.733Z"
  }
},
{
  "model": "carts.cartitem",
  "pk": 52,
  "fields": {
    "cart": 14,
    "toy": 11,
    "quantity": 2,
    "total_price": "1667.40",
    "created_at": "2025-04-06T20:37:36.157Z",
    "updated_at": "2025-04-06T20:37:39.462Z"
  }
},
{
  "model": "carts.cartitem",
  "pk": 63,
  "fields": {
    "cart": 16,
    "toy": 1,
    "quantity": 2,
    "total_price": "1811.60",
    "created_at": "2025-04-07T13:58:43.939Z",
    "updated_at": "2025-04-07T14:05:00.817Z"
  }
},
{
  "model": "carts.cartitem",
  "pk": 64,
  "fields": {
    "cart": 16,
    "toy": 2,
    "quantity": 1,
    "total_price": "602.80",
    "created_at": "2025-04-07T14:05:00.170Z",
    "updated_at": "2025-04-07T14:05:00.492Z"
  }
},
{
  "model": "carts.cartitem",
  "pk": 65,
  "fields": {
    "cart": 16,
    "toy": 3,
    "quantity": 1,
    "total_price": "968.50",
    "created_at": "2025-04-07T14:05:01.508Z",
    "updated_at": "2025-04-07T14:05:01.713Z"
  }
},
{
  "model": "carts.cartitem",
  "pk": 66,
  "fields": {
    "cart": 17,
    "toy": 1,
    "quantity": 1,
    "total_price": "905.80",
    "created_at": "2025-04-07T14:10:51.456Z",
    "updated_at": "2025-04-07T14:10:51.723Z"
  }
},
{
  "model": "carts.cartitem",
  "pk": 67,
  "fields": {
    "cart": 17,
    "toy": 2,
    "quantity": 1,
    "total_price": "602.80",
    "created_at": "2025-04-07T14:10:52.342Z",
    "updated_at": "2025-04-07T14:10:52.622Z"
  }
},
{
  "model": "carts.cartitem",
  "pk": 68,
  "fields": {
    "cart": 18,
    "toy": 3,
    "quantity": 2,
    "total_price": "1937.00",
    "created_at": "2025-04-07T14:15:15.418Z",
    "updated_at": "2025-04-07T14:15:15.980Z"
  }
},
{
  "model": "carts.cartitem",
  "pk": 70,
  "fields": {
    "cart": 19,
    "toy": 3,
    "quantity": 1,
    "total_price": "968.50",
    "created_at": "2025-04-07T14:16:12.257Z",
    "updated_at": "2025-04-07T14:16:12.467Z"
  }
},
{
  "model": "carts.cartitem",
  "pk": 78,
  "fields": {
    "cart": 20,
    "toy": 4,
    "quantity": 2,
    "total_price": "314.40",
    "created_at": "2025-04-07T14:47:46.202Z",
    "updated_at": "2025-04-09T14:33:01.599Z"
  }
},
{
  "model": "carts.cartitem",
  "pk": 80,
  "fields": {
    "cart": 21,
    "toy": 2,
    "quantity": 1,
    "total_price": "602.80",
    "created_at": "2025-04-08T13:16:51.803Z",
    "updated_at": "2025-04-08T13:16:52.036Z"
  }
},
{
  "model": "carts.cartitem",
  "pk": 84,
  "fields": {
    "cart": 20,
    "toy": 15,
    "quantity": 1,
    "total_price": "662.20",
    "created_at": "2025-04-09T14:33:07.695Z",
    "updated_at": "2025-04-09T14:33:07.944Z"
  }
},
{
  "model": "carts.cartitem",
  "pk": 85,
  "fields": {
    "cart": 23,
    "toy": 3,
    "quantity": 1,
    "total_price": "968.50",
    "created_at": "2025-04-09T15:56:00.952Z",
    "updated_at": "2025-04-09T15:56:01.141Z"
  }
},
{
  "model": "carts.cartitem",
  "pk": 86,
  "fields": {
    "cart": 23,
    "toy": 31,
    "quantity": 1,
    "total_price": "126.49",
    "created_at": "2025-04-09T15:56:01.586Z",
    "updated_at": "2025-04-09T15:56:01.862Z"
  }
},
{
  "model": "carts.cartitem",
  "pk": 87,
  "fields": {
    "cart": 23,
    "toy": 2,
    "quantity": 1,
    "total_price": "602.80",
    "created_at": "2025-04-09T15:56:02.218Z",
    "updated_at": "2025-04-09T15:56:02.382Z"
  }
},
{
  "model": "carts.cartitem",
  "pk": 88,
  "fields": {
    "cart": 24,
    "toy": 31,
    "quantity": 1,
    "total_price": "126.49",
    "created_at": "2025-04-09T15:57:55.292Z",
    "updated_at": "2025-04-09T15:57:55.484Z"
  }
},
{
  "model": "carts.cartitem",
  "pk": 89,
  "fields": {
    "cart": 24,
    "toy": 4,
    "quantity": 1,
    "total_price": "157.20",
    "created_at": "2025-04-09T15:57:55.898Z",
    "updated_at": "2025-04-09T15:57:56.115Z"
  }
},
{
  "model": "wishlists.wishlist",
  "pk": 1,
  "fields": {
    "user": 11,
    "created_at": "2025-04-05T12:27:50.183Z",
    "updated_at": "2025-04-05T12:27:50.183Z"
  }
},
{
  "model": "wishlists.wishlist",
  "pk": 2,
  "fields": {
    "user": 16,
    "created_at": "2025-04-06T15:50:05.954Z",
    "updated_at": "2025-04-06T15:50:05.954Z"
  }
},
{
  "model": "wishlists.wishlist",
  "pk": 3,
  "fields": {
    "user": 17,
    "created_at": "2025-04-06T20:25:49.637Z",
    "updated_at": "2025-04-06T20:25:49.637Z"
  }
},
{
  "model": "wishlists.wishlistitem",
  "pk": 11,
  "fields": {
    "wishlist": 2,
    "toy": 2,
    "quantity": 1
  }
},
{
  "model": "wishlists.wishlistitem",
  "pk": 12,
  "fields": {
    "wishlist": 3,
    "toy": 11,
    "quantity": 1
  }
},
{
  "model": "wishlists.wishlistitem",
  "pk": 20,
  "fields": {
    "wishlist": 1,
    "toy": 31,
    "quantity": 1
  }
},
{
  "model": "wishlists.wishlistitem",
  "pk": 21,
  "fields": {
    "wishlist": 1,
    "toy": 4,
    "quantity": 1
  }
}
]
