[
{
    "model": "customers.toyclub",
    "pk": 1,
    "fields": {
        "user": 3,
        "level": "bronze",
        "unique_number": "ABC12345",
        "created_at": "2025-04-02T09:11:25.372Z",
        "updated_at": "2025-04-08T08:48:34.203Z"
    }
},
{
    "model": "customers.toyclub",
    "pk": 2,
    "fields": {
        "user": 1,
        "level": "silver",
        "unique_number": "BBC12345",
        "created_at": "2025-04-02T09:28:14.771Z",
        "updated_at": "2025-04-08T08:48:43.096Z"
    }
},
{
    "model": "customers.toyclub",
    "pk": 3,
    "fields": {
        "user": 4,
        "level": "gold",
        "unique_number": "CBA12345",
        "created_at": "2025-04-02T09:28:38.305Z",
        "updated_at": "2025-04-08T08:48:54.860Z"
    }
},
{
    "model": "customers.toyclub",
    "pk": 7,
    "fields": {
        "user": 11,
        "level": "gold",
        "unique_number": "ABC1233538",
        "created_at": "2025-04-07T16:37:52.015Z",
        "updated_at": "2025-04-07T17:04:56.113Z"
    }
},
{
    "model": "customers.toyclub",
    "pk": 8,
    "fields": {
        "user": 10,
        "level": "gold",
        "unique_number": "ABC0987654",
        "created_at": "2025-04-12T15:36:37.478Z",
        "updated_at": "2025-04-12T15:36:50.197Z"
    }
},
{
    "model": "customers.toyclub",
    "pk": 9,
    "fields": {
        "user": 2,
        "level": "silver",
        "unique_number": "ABC1234646",
        "created_at": "2025-04-12T15:37:35.690Z",
        "updated_at": "2025-04-12T18:39:41.786Z"
    }
},
{
    "model": "customers.toyclub",
    "pk": 10,
    "fields": {
        "user": 5,
        "level": "gold",
        "unique_number": "GGG1234567",
        "created_at": "2025-04-12T18:43:32.461Z",
        "updated_at": "2025-04-12T18:45:35.177Z"
    }
},
{
    "model": "customers.toyclub",
    "pk": 11,
    "fields": {
        "user": 9,
        "level": "silver",
        "unique_number": "AAA1234567",
        "created_at": "2025-04-12T18:46:22.398Z",
        "updated_at": "2025-04-12T18:51:11.569Z"
    }
},
{
    "model": "customers.toyclub",
    "pk": 12,
    "fields": {
        "user": 6,
        "level": "bronze",
        "unique_number": "BBB1234567",
        "created_at": "2025-04-12T18:57:51.677Z",
        "updated_at": "2025-04-12T19:24:38.067Z"
    }
},
{
    "model": "customers.toyclub",
    "pk": 14,
    "fields": {
        "user": null,
        "level": "gold",
        "unique_number": "ASD1234567",
        "created_at": "2025-04-15T21:18:02.269Z",
        "updated_at": "2025-04-15T21:18:02.269Z"
    }
},
{
    "model": "customers.toyclub",
    "pk": 15,
    "fields": {
        "user": null,
        "level": "gold",
        "unique_number": "GGH1234567",
        "created_at": "2025-04-15T21:18:22.243Z",
        "updated_at": "2025-04-15T21:18:22.243Z"
    }
},
{
    "model": "customers.user",
    "pk": 1,
    "fields": {
        "password": "pbkdf2_sha256$260000$JpRSwvWoxxhWYuIRzcoFFi$mJ9+oDUBvI7UvODbEtb5L9tz5Uif2U9hylJmKNg6sVc=",
        "last_login": null,
        "is_superuser": false,
        "username": "johnsmith",
        "first_name": "John",
        "last_name": "Smith",
        "email": "johnsmith@example.com",
        "is_staff": false,
        "is_active": true,
        "date_joined": "2025-04-01T18:01:19.520Z",
        "shop_admin": false,
        "join_date": "2025-04-01T10:56:44.950Z",
        "updated_at": "2025-04-01T17:49:09.950Z",
        "groups": [],
        "user_permissions": []
    }
},
{
    "model": "customers.user",
    "pk": 2,
    "fields": {
        "password": "pbkdf2_sha256$260000$JpRSwvWoxxhWYuIRzcoFFi$mJ9+oDUBvI7UvODbEtb5L9tz5Uif2U9hylJmKNg6sVc=",
        "last_login": null,
        "is_superuser": false,
        "username": "emilyjones",
        "first_name": "Emily",
        "last_name": "Jones",
        "email": "emilyjones@example.com",
        "is_staff": false,
        "is_active": true,
        "date_joined": "2025-04-01T18:01:19.521Z",
        "shop_admin": false,
        "join_date": "2025-04-01T10:56:44.950Z",
        "updated_at": "2025-04-01T17:49:09.950Z",
        "groups": [],
        "user_permissions": []
    }
},
{
    "model": "customers.user",
    "pk": 3,
    "fields": {
        "password": "pbkdf2_sha256$260000$JpRSwvWoxxhWYuIRzcoFFi$mJ9+oDUBvI7UvODbEtb5L9tz5Uif2U9hylJmKNg6sVc=",
        "last_login": null,
        "is_superuser": false,
        "username": "michaelbrown",
        "first_name": "Michael",
        "last_name": "Brown",
        "email": "michaelbrown@example.com",
        "is_staff": false,
        "is_active": true,
        "date_joined": "2025-04-01T18:01:19.522Z",
        "shop_admin": false,
        "join_date": "2025-04-01T10:56:44.950Z",
        "updated_at": "2025-04-01T17:49:09.950Z",
        "groups": [],
        "user_permissions": []
    }
},
{
    "model": "customers.user",
    "pk": 4,
    "fields": {
        "password": "pbkdf2_sha256$260000$JpRSwvWoxxhWYuIRzcoFFi$mJ9+oDUBvI7UvODbEtb5L9tz5Uif2U9hylJmKNg6sVc=",
        "last_login": null,
        "is_superuser": false,
        "username": "sarahjohnson",
        "first_name": "Sarah",
        "last_name": "Johnson",
        "email": "sarahjohnson@example.com",
        "is_staff": false,
        "is_active": true,
        "date_joined": "2025-04-01T18:01:19.522Z",
        "shop_admin": false,
        "join_date": "2025-04-01T10:56:44.950Z",
        "updated_at": "2025-04-01T17:49:09.950Z",
        "groups": [],
        "user_permissions": []
    }
},
{
    "model": "customers.user",
    "pk": 5,
    "fields": {
        "password": "pbkdf2_sha256$1000000$nmnzaqpvHhq2JThM3RHeSJ$SL8T36h8b6eB0+WJaNuVnuw9+ysyA4fy3Ma+3W3y720=",
        "last_login": null,
        "is_superuser": false,
        "username": "shop_admin",
        "first_name": "shop",
        "last_name": "admin",
        "email": "shop_admin@toyshop.com",
        "is_staff": false,
        "is_active": true,
        "date_joined": "2025-04-01T18:01:19Z",
        "shop_admin": true,
        "join_date": "2025-04-01T10:56:44.950Z",
        "updated_at": "2025-04-17T10:08:19.855Z",
        "groups": [],
        "user_permissions": []
    }
},
{
    "model": "customers.user",
    "pk": 6,
    "fields": {
        "password": "pbkdf2_sha256$260000$JpRSwvWoxxhWYuIRzcoFFi$mJ9+oDUBvI7UvODbEtb5L9tz5Uif2U9hylJmKNg6sVc=",
        "last_login": null,
        "is_superuser": false,
        "username": "laurawilson",
        "first_name": "Laura",
        "last_name": "Wilson",
        "email": "laurawilson@example.com",
        "is_staff": false,
        "is_active": true,
        "date_joined": "2025-04-01T18:01:19.524Z",
        "shop_admin": false,
        "join_date": "2025-04-01T10:56:44.950Z",
        "updated_at": "2025-04-01T17:49:09.950Z",
        "groups": [],
        "user_permissions": []
    }
},
{
    "model": "customers.user",
    "pk": 8,
    "fields": {
        "password": "pbkdf2_sha256$260000$JpRSwvWoxxhWYuIRzcoFFi$mJ9+oDUBvI7UvODbEtb5L9tz5Uif2U9hylJmKNg6sVc=",
        "last_login": null,
        "is_superuser": false,
        "username": "oliviaclark",
        "first_name": "Olivia",
        "last_name": "Clark",
        "email": "oliviaclark@example.com",
        "is_staff": false,
        "is_active": true,
        "date_joined": "2025-04-01T18:01:19.525Z",
        "shop_admin": false,
        "join_date": "2025-04-01T10:56:44.950Z",
        "updated_at": "2025-04-01T17:49:09.950Z",
        "groups": [],
        "user_permissions": []
    }
},
{
    "model": "customers.user",
    "pk": 9,
    "fields": {
        "password": "pbkdf2_sha256$1000000$lUycunvnUBLmoXgz62tXSA$x2nqHmFHhklsx1S1luouyLvKWZQ0u+efV6ufqOZdvW4=",
        "last_login": null,
        "is_superuser": false,
        "username": "customer",
        "first_name": "customer",
        "last_name": "shop customer",
        "email": "customer@toyshop.com",
        "is_staff": false,
        "is_active": true,
        "date_joined": "2025-04-01T18:01:19Z",
        "shop_admin": false,
        "join_date": "2025-04-01T10:56:44.950Z",
        "updated_at": "2025-04-17T10:07:34.454Z",
        "groups": [],
        "user_permissions": []
    }
},
{
    "model": "customers.user",
    "pk": 10,
    "fields": {
        "password": "pbkdf2_sha256$260000$JpRSwvWoxxhWYuIRzcoFFi$mJ9+oDUBvI7UvODbEtb5L9tz5Uif2U9hylJmKNg6sVc=",
        "last_login": null,
        "is_superuser": false,
        "username": "graceyoung",
        "first_name": "Grace",
        "last_name": "Young",
        "email": "graceyoung@example.com",
        "is_staff": false,
        "is_active": true,
        "date_joined": "2025-04-01T18:01:19.526Z",
        "shop_admin": false,
        "join_date": "2025-04-01T10:56:44.950Z",
        "updated_at": "2025-04-01T17:49:09.950Z",
        "groups": [],
        "user_permissions": []
    }
},
{
    "model": "customers.user",
    "pk": 11,
    "fields": {
        "password": "pbkdf2_sha256$1000000$9kCcw5zXcAyLj499nb9wtX$080SB+5iADV3sEFO6wW8On7VpAZkilMzofqDPC0zy4g=",
        "last_login": "2025-04-17T20:47:08.909Z",
        "is_superuser": true,
        "username": "admin",
        "first_name": "admin",
        "last_name": "super_admin",
        "email": "admin@toyshop.com",
        "is_staff": true,
        "is_active": true,
        "date_joined": "2025-04-02T07:35:53Z",
        "shop_admin": true,
        "join_date": "2025-04-02T07:35:54.004Z",
        "updated_at": "2025-04-17T10:08:38.486Z",
        "groups": [],
        "user_permissions": []
    }
},
{
    "model": "customers.user",
    "pk": 24,
    "fields": {
        "password": "pbkdf2_sha256$1000000$3DBzeiplJgJSiDonUo6F4Q$m7Eo7ftHeWuZHZl6D5T0XNhSrb5iQp7ZQtvTSNsfHM4=",
        "last_login": "2025-04-17T20:43:43.409Z",
        "is_superuser": false,
        "username": "bob",
        "first_name": "",
        "last_name": "",
        "email": "waniwak186@agiuse.com",
        "is_staff": false,
        "is_active": true,
        "date_joined": "2025-04-17T20:42:33.556Z",
        "shop_admin": false,
        "join_date": "2025-04-17T20:42:35.800Z",
        "updated_at": "2025-04-17T20:43:21.943Z",
        "groups": [],
        "user_permissions": []
    }
},
{
    "model": "customers.user",
    "pk": 25,
    "fields": {
        "password": "pbkdf2_sha256$1000000$MFUwLKFF6x2DgOegjeDygY$VyzxSrWY7+dzSb+AnZ3k8PQeymGdN2nXzxLP2+NYVHI=",
        "last_login": "2025-04-21T07:54:05.306Z",
        "is_superuser": false,
        "username": "Boyok",
        "first_name": "Andrii",
        "last_name": "Boiko",
        "email": "1@gmail.com",
        "is_staff": false,
        "is_active": true,
        "date_joined": "2025-04-21T07:47:45.158Z",
        "shop_admin": false,
        "join_date": "2025-04-21T07:47:47.392Z",
        "updated_at": "2025-04-21T07:53:50.799Z",
        "groups": [],
        "user_permissions": []
    }
},
{
    "model": "orders.order",
    "pk": 8,
    "fields": {
        "user": 11,
        "cart": 12,
        "total_price": 419552,
        "deliver_to": "Kharkiv",
        "delivery_method": "new_post",
        "payment_method": "card",
        "recipient": "Julia",
        "created_at": "2025-04-17T20:40:32.368Z",
        "update_at": "2025-04-17T20:40:32.368Z"
    }
},
{
    "model": "orders.order",
    "pk": 9,
    "fields": {
        "user": 24,
        "cart": 14,
        "total_price": 318376,
        "deliver_to": "Kyiv",
        "delivery_method": "courier",
        "payment_method": "card",
        "recipient": "Irina",
        "created_at": "2025-04-17T20:44:10.118Z",
        "update_at": "2025-04-17T20:44:10.119Z"
    }
},
{
    "model": "orders.order",
    "pk": 10,
    "fields": {
        "user": 25,
        "cart": 15,
        "total_price": 184300,
        "deliver_to": "IF",
        "delivery_method": "new_post",
        "payment_method": "card",
        "recipient": "qwe",
        "created_at": "2025-04-21T07:49:47.711Z",
        "update_at": "2025-04-21T07:49:47.711Z"
    }
},
{
    "model": "toys.category",
    "pk": 1,
    "fields": {
        "name": "Cars & Vehicles",
        "created_at": "2025-04-01T17:49:09.968Z",
        "updated_at": "2025-04-01T17:49:09.968Z"
    }
},
{
    "model": "toys.category",
    "pk": 2,
    "fields": {
        "name": "Dolls & Accessories",
        "created_at": "2025-04-01T17:49:09.968Z",
        "updated_at": "2025-04-01T17:49:09.968Z"
    }
},
{
    "model": "toys.category",
    "pk": 3,
    "fields": {
        "name": "Building Blocks",
        "created_at": "2025-04-01T17:49:09.968Z",
        "updated_at": "2025-04-01T17:49:09.968Z"
    }
},
{
    "model": "toys.category",
    "pk": 4,
    "fields": {
        "name": "Board Games",
        "created_at": "2025-04-01T17:49:09.968Z",
        "updated_at": "2025-04-01T17:49:09.968Z"
    }
},
{
    "model": "toys.category",
    "pk": 5,
    "fields": {
        "name": "Action Figures",
        "created_at": "2025-04-01T17:49:09.968Z",
        "updated_at": "2025-04-01T17:49:09.968Z"
    }
},
{
    "model": "toys.category",
    "pk": 6,
    "fields": {
        "name": "Stuffed Animals",
        "created_at": "2025-04-01T17:49:09.968Z",
        "updated_at": "2025-04-01T17:49:09.968Z"
    }
},
{
    "model": "toys.category",
    "pk": 7,
    "fields": {
        "name": "Educational Toys",
        "created_at": "2025-04-01T17:49:09.968Z",
        "updated_at": "2025-04-01T17:49:09.968Z"
    }
},
{
    "model": "toys.category",
    "pk": 8,
    "fields": {
        "name": "Outdoor Toys",
        "created_at": "2025-04-01T17:49:09.968Z",
        "updated_at": "2025-04-01T17:49:09.968Z"
    }
},
{
    "model": "toys.category",
    "pk": 9,
    "fields": {
        "name": "Electronic Toys",
        "created_at": "2025-04-01T17:49:09.968Z",
        "updated_at": "2025-04-01T17:49:09.968Z"
    }
},
{
    "model": "toys.category",
    "pk": 10,
    "fields": {
        "name": "Craft Supplies",
        "created_at": "2025-04-01T17:49:09.968Z",
        "updated_at": "2025-04-01T17:49:09.968Z"
    }
},
{
    "model": "toys.toy",
    "pk": 1,
    "fields": {
        "owner": 1,
        "name": "Mirror",
        "description": "Some dolls acsessories",
        "price": 90600,
        "stock": 11,
        "manufacturer": "Wilkinson, House and Carter",
        "photo": "toys/acsessories1.jpeg",
        "created_at": "2025-04-01T17:49:09.970Z",
        "updated_at": "2025-04-17T19:11:43.503Z",
        "category": [
            2,
            7
        ]
    }
},
{
    "model": "toys.toy",
    "pk": 2,
    "fields": {
        "owner": 9,
        "name": "Red car",
        "description": "Super speed red car",
        "price": 60300,
        "stock": 15,
        "manufacturer": "Wagner-Chavez",
        "photo": "toys/car1.jpeg",
        "created_at": "2025-04-01T17:49:09.970Z",
        "updated_at": "2025-04-17T19:11:43.506Z",
        "category": [
            1
        ]
    }
},
{
    "model": "toys.toy",
    "pk": 3,
    "fields": {
        "owner": 10,
        "name": "Yellow car",
        "description": "Car contructor",
        "price": 96900,
        "stock": 15,
        "manufacturer": "Booth PLC",
        "photo": "toys/car2.jpeg",
        "created_at": "2025-04-01T17:49:09.970Z",
        "updated_at": "2025-04-17T19:11:43.509Z",
        "category": [
            1,
            10,
            9
        ]
    }
},
{
    "model": "toys.toy",
    "pk": 5,
    "fields": {
        "owner": 9,
        "name": "Puzzle touch screen",
        "description": "Lot hit modern.",
        "price": 82700,
        "stock": 8,
        "manufacturer": "Hensley, Gillespie and Bailey",
        "photo": "toys/constructor2.jpeg",
        "created_at": "2025-04-01T17:49:09.971Z",
        "updated_at": "2025-04-17T19:11:43.512Z",
        "category": [
            9,
            7
        ]
    }
},
{
    "model": "toys.toy",
    "pk": 6,
    "fields": {
        "owner": 6,
        "name": "Abacus",
        "description": "The child is learning to count on an abacus.",
        "price": 10900,
        "stock": 12,
        "manufacturer": "Goodman Ltd",
        "photo": "toys/constructor3.jpeg",
        "created_at": "2025-04-01T17:49:09.971Z",
        "updated_at": "2025-04-17T19:11:43.515Z",
        "category": [
            4,
            5
        ]
    }
},
{
    "model": "toys.toy",
    "pk": 7,
    "fields": {
        "owner": 5,
        "name": "Lily Doll",
        "description": "Us as summer pretty if worry.",
        "price": 27200,
        "stock": 12,
        "manufacturer": "Taylor, Smith and Cox",
        "photo": "toys/doll2.jpeg",
        "created_at": "2025-04-01T17:49:09.971Z",
        "updated_at": "2025-04-17T19:11:43.517Z",
        "category": [
            2,
            5,
            7
        ]
    }
},
{
    "model": "toys.toy",
    "pk": 10,
    "fields": {
        "owner": 8,
        "name": "Logical toy",
        "description": "Board just major author eight often.",
        "price": 19900,
        "stock": 2,
        "manufacturer": "Lucas-Oliver",
        "photo": "toys/kid1.jpeg",
        "created_at": "2025-04-01T17:49:09.972Z",
        "updated_at": "2025-04-17T19:11:43.520Z",
        "category": [
            10,
            3,
            4
        ]
    }
},
{
    "model": "toys.toy",
    "pk": 11,
    "fields": {
        "owner": 4,
        "name": "Dinosaur",
        "description": "T-REX",
        "price": 83400,
        "stock": 10,
        "manufacturer": "Lang, Harris and Yates",
        "photo": "toys/monts1.jpeg",
        "created_at": "2025-04-01T17:49:09.973Z",
        "updated_at": "2025-04-17T19:11:43.522Z",
        "category": [
            8,
            5,
            6
        ]
    }
},
{
    "model": "toys.toy",
    "pk": 12,
    "fields": {
        "owner": 1,
        "name": "John's Toy",
        "description": "Focus measure summer speak.",
        "price": 81700,
        "stock": 8,
        "manufacturer": "Fernandez, Delacruz and Hanna",
        "photo": "toys/dol3.jpeg",
        "created_at": "2025-04-01T17:49:09.973Z",
        "updated_at": "2025-04-17T19:11:43.525Z",
        "category": [
            3
        ]
    }
},
{
    "model": "toys.toy",
    "pk": 13,
    "fields": {
        "owner": 3,
        "name": "Lolly Molly",
        "description": "Both seven city nothing east.",
        "price": 75500,
        "stock": 17,
        "manufacturer": "Valenzuela, Boyer and Holmes",
        "photo": "toys/toy4.jpeg",
        "created_at": "2025-04-01T17:49:09.974Z",
        "updated_at": "2025-04-17T19:11:43.528Z",
        "category": [
            9,
            3
        ]
    }
},
{
    "model": "toys.toy",
    "pk": 14,
    "fields": {
        "owner": 3,
        "name": "Joystic Game pad",
        "description": "Simply for powerful games",
        "price": 85400,
        "stock": 12,
        "manufacturer": "Sharp Group",
        "photo": "toys/toy5.jpeg",
        "created_at": "2025-04-01T17:49:09.974Z",
        "updated_at": "2025-04-17T19:11:43.530Z",
        "category": [
            9,
            4,
            5
        ]
    }
},
{
    "model": "toys.toy",
    "pk": 15,
    "fields": {
        "owner": 5,
        "name": "Teddy Bear",
        "description": "Talk article charge.",
        "price": 66200,
        "stock": 15,
        "manufacturer": "Welch-Hunt",
        "photo": "toys/toy6.jpeg",
        "created_at": "2025-04-01T17:49:09.974Z",
        "updated_at": "2025-04-17T19:11:43.533Z",
        "category": [
            2,
            5,
            7
        ]
    }
},
{
    "model": "toys.toy",
    "pk": 16,
    "fields": {
        "owner": 9,
        "name": "RainBow spiral",
        "description": "Station sense perform do.",
        "price": 32900,
        "stock": 13,
        "manufacturer": "Anderson Inc",
        "photo": "toys/toy7.jpeg",
        "created_at": "2025-04-01T17:49:09.974Z",
        "updated_at": "2025-04-17T19:11:43.536Z",
        "category": [
            8,
            2,
            3,
            4
        ]
    }
},
{
    "model": "toys.toy",
    "pk": 18,
    "fields": {
        "owner": 8,
        "name": "Watering can",
        "description": "A container with a spout, used to water plants.",
        "price": 63000,
        "stock": 4,
        "manufacturer": "Jensen-Johnson",
        "photo": "toys/toy9.jpeg",
        "created_at": "2025-04-01T17:49:09.975Z",
        "updated_at": "2025-04-17T19:11:43.539Z",
        "category": [
            8,
            10
        ]
    }
},
{
    "model": "toys.toy",
    "pk": 19,
    "fields": {
        "owner": 6,
        "name": "Green water can",
        "description": "A container with a spout, used to water plants.",
        "price": 77900,
        "stock": 13,
        "manufacturer": "Padilla-Ford",
        "photo": "toys/toy10.jpeg",
        "created_at": "2025-04-01T17:49:09.975Z",
        "updated_at": "2025-04-17T19:11:43.541Z",
        "category": [
            8,
            10,
            3,
            6
        ]
    }
},
{
    "model": "toys.toy",
    "pk": 20,
    "fields": {
        "owner": 9,
        "name": "Tools",
        "description": "make your life easier",
        "price": 23200,
        "stock": 9,
        "manufacturer": "Berry, Houston and Li",
        "photo": "toys/toy11.jpeg",
        "created_at": "2025-04-01T17:49:09.975Z",
        "updated_at": "2025-04-17T19:11:43.544Z",
        "category": [
            8,
            10,
            3
        ]
    }
},
{
    "model": "toys.toy",
    "pk": 21,
    "fields": {
        "owner": 5,
        "name": "Punny Bear",
        "description": "Education west pattern view world manage run skill.",
        "price": 22000,
        "stock": 1,
        "manufacturer": "Knight LLC",
        "photo": "toys/toy12.jpeg",
        "created_at": "2025-04-01T17:49:09.976Z",
        "updated_at": "2025-04-17T19:11:43.547Z",
        "category": [
            7
        ]
    }
},
{
    "model": "toys.toy",
    "pk": 22,
    "fields": {
        "owner": 2,
        "name": "Globus",
        "description": "World in your hand",
        "price": 69000,
        "stock": 7,
        "manufacturer": "Turner, Banks and Cox",
        "photo": "toys/toy13.jpeg",
        "created_at": "2025-04-01T17:49:09.976Z",
        "updated_at": "2025-04-17T19:11:43.501Z",
        "category": [
            3,
            4
        ]
    }
},
{
    "model": "toys.toy",
    "pk": 23,
    "fields": {
        "owner": 2,
        "name": "playdough",
        "description": "If enter worry.",
        "price": 58300,
        "stock": 14,
        "manufacturer": "Martin Inc",
        "photo": "toys/toy15.jpeg",
        "created_at": "2025-04-01T17:49:09.976Z",
        "updated_at": "2025-04-17T19:11:43.549Z",
        "category": [
            3,
            5,
            7
        ]
    }
},
{
    "model": "toys.toy",
    "pk": 24,
    "fields": {
        "owner": 3,
        "name": "playdough red",
        "description": "Blue fine exactly force room he a necessary.",
        "price": 66700,
        "stock": 20,
        "manufacturer": "Burch-Murphy",
        "photo": "toys/toy16.jpeg",
        "created_at": "2025-04-01T17:49:09.977Z",
        "updated_at": "2025-04-17T19:11:43.552Z",
        "category": [
            2,
            3,
            4
        ]
    }
},
{
    "model": "toys.toy",
    "pk": 26,
    "fields": {
        "owner": 10,
        "name": "Cute Dolly",
        "description": "Site result crime involve research.",
        "price": 85600,
        "stock": 20,
        "manufacturer": "Murphy, Wilson and Hudson",
        "photo": "toys/doll1.jpeg",
        "created_at": "2025-04-01T17:49:09.977Z",
        "updated_at": "2025-04-17T19:11:43.555Z",
        "category": [
            2
        ]
    }
},
{
    "model": "toys.toy",
    "pk": 31,
    "fields": {
        "owner": 11,
        "name": "Black man",
        "description": "super toy like it",
        "price": 7876,
        "stock": 29,
        "manufacturer": "Liberty production",
        "photo": "toys/dol3.jpeg",
        "created_at": "2025-04-06T08:39:04.074Z",
        "updated_at": "2025-04-17T19:59:29.664Z",
        "category": [
            5,
            1,
            4,
            6,
            7
        ]
    }
},
{
    "model": "carts.cart",
    "pk": 3,
    "fields": {
        "user": 11,
        "order_time": "2025-04-11T04:22:07.772Z",
        "is_active": false
    }
},
{
    "model": "carts.cart",
    "pk": 4,
    "fields": {
        "user": 11,
        "order_time": "2025-04-11T04:31:12.180Z",
        "is_active": false
    }
},
{
    "model": "carts.cart",
    "pk": 5,
    "fields": {
        "user": 11,
        "order_time": "2025-04-11T04:41:50.260Z",
        "is_active": false
    }
},
{
    "model": "carts.cart",
    "pk": 6,
    "fields": {
        "user": 11,
        "order_time": "2025-04-11T04:45:12.200Z",
        "is_active": false
    }
},
{
    "model": "carts.cart",
    "pk": 7,
    "fields": {
        "user": 11,
        "order_time": "2025-04-12T14:45:44.041Z",
        "is_active": false
    }
},
{
    "model": "carts.cart",
    "pk": 10,
    "fields": {
        "user": 9,
        "order_time": "2025-04-15T20:22:10.691Z",
        "is_active": false
    }
},
{
    "model": "carts.cart",
    "pk": 11,
    "fields": {
        "user": 9,
        "order_time": "2025-04-15T21:13:06.970Z",
        "is_active": true
    }
},
{
    "model": "carts.cart",
    "pk": 12,
    "fields": {
        "user": 11,
        "order_time": "2025-04-17T20:39:40.567Z",
        "is_active": false
    }
},
{
    "model": "carts.cart",
    "pk": 13,
    "fields": {
        "user": 11,
        "order_time": "2025-04-17T20:41:04.300Z",
        "is_active": true
    }
},
{
    "model": "carts.cart",
    "pk": 14,
    "fields": {
        "user": 24,
        "order_time": "2025-04-17T20:43:47.162Z",
        "is_active": false
    }
},
{
    "model": "carts.cart",
    "pk": 15,
    "fields": {
        "user": 25,
        "order_time": "2025-04-21T07:48:21.504Z",
        "is_active": false
    }
},
{
    "model": "carts.cart",
    "pk": 16,
    "fields": {
        "user": 25,
        "order_time": "2025-04-21T07:50:03.711Z",
        "is_active": true
    }
},
{
    "model": "carts.cartitem",
    "pk": 3,
    "fields": {
        "cart": 3,
        "toy": 31,
        "quantity": 1,
        "total_price": 126,
        "created_at": "2025-04-11T04:22:07.925Z",
        "updated_at": "2025-04-17T19:11:43.289Z"
    }
},
{
    "model": "carts.cartitem",
    "pk": 4,
    "fields": {
        "cart": 3,
        "toy": 24,
        "quantity": 1,
        "total_price": 666,
        "created_at": "2025-04-11T04:22:13.022Z",
        "updated_at": "2025-04-17T19:11:43.299Z"
    }
},
{
    "model": "carts.cartitem",
    "pk": 5,
    "fields": {
        "cart": 3,
        "toy": 23,
        "quantity": 1,
        "total_price": 583,
        "created_at": "2025-04-11T04:22:13.938Z",
        "updated_at": "2025-04-17T19:11:43.304Z"
    }
},
{
    "model": "carts.cartitem",
    "pk": 6,
    "fields": {
        "cart": 4,
        "toy": 1,
        "quantity": 1,
        "total_price": 905,
        "created_at": "2025-04-11T04:31:36.257Z",
        "updated_at": "2025-04-17T19:11:43.310Z"
    }
},
{
    "model": "carts.cartitem",
    "pk": 7,
    "fields": {
        "cart": 4,
        "toy": 2,
        "quantity": 1,
        "total_price": 602,
        "created_at": "2025-04-11T04:31:37.964Z",
        "updated_at": "2025-04-17T19:11:43.321Z"
    }
},
{
    "model": "carts.cartitem",
    "pk": 8,
    "fields": {
        "cart": 4,
        "toy": 3,
        "quantity": 1,
        "total_price": 968,
        "created_at": "2025-04-11T04:31:38.815Z",
        "updated_at": "2025-04-17T19:11:43.326Z"
    }
},
{
    "model": "carts.cartitem",
    "pk": 9,
    "fields": {
        "cart": 5,
        "toy": 1,
        "quantity": 1,
        "total_price": 905,
        "created_at": "2025-04-11T04:42:19.261Z",
        "updated_at": "2025-04-17T19:11:43.332Z"
    }
},
{
    "model": "carts.cartitem",
    "pk": 10,
    "fields": {
        "cart": 5,
        "toy": 2,
        "quantity": 1,
        "total_price": 602,
        "created_at": "2025-04-11T04:42:20.078Z",
        "updated_at": "2025-04-17T19:11:43.337Z"
    }
},
{
    "model": "carts.cartitem",
    "pk": 12,
    "fields": {
        "cart": 6,
        "toy": 1,
        "quantity": 1,
        "total_price": 905,
        "created_at": "2025-04-11T04:45:12.340Z",
        "updated_at": "2025-04-17T19:11:43.343Z"
    }
},
{
    "model": "carts.cartitem",
    "pk": 13,
    "fields": {
        "cart": 6,
        "toy": 3,
        "quantity": 1,
        "total_price": 968,
        "created_at": "2025-04-11T04:45:12.891Z",
        "updated_at": "2025-04-17T19:11:43.349Z"
    }
},
{
    "model": "carts.cartitem",
    "pk": 14,
    "fields": {
        "cart": 6,
        "toy": 5,
        "quantity": 1,
        "total_price": 827,
        "created_at": "2025-04-11T04:45:14.002Z",
        "updated_at": "2025-04-17T19:11:43.355Z"
    }
},
{
    "model": "carts.cartitem",
    "pk": 80,
    "fields": {
        "cart": 10,
        "toy": 31,
        "quantity": 2,
        "total_price": 252,
        "created_at": "2025-04-15T21:11:18.911Z",
        "updated_at": "2025-04-17T19:11:43.360Z"
    }
},
{
    "model": "carts.cartitem",
    "pk": 81,
    "fields": {
        "cart": 10,
        "toy": 23,
        "quantity": 3,
        "total_price": 1749,
        "created_at": "2025-04-15T21:11:23.094Z",
        "updated_at": "2025-04-17T19:11:43.366Z"
    }
},
{
    "model": "carts.cartitem",
    "pk": 82,
    "fields": {
        "cart": 11,
        "toy": 31,
        "quantity": 3,
        "total_price": 379,
        "created_at": "2025-04-15T21:13:06.985Z",
        "updated_at": "2025-04-17T19:11:43.371Z"
    }
},
{
    "model": "carts.cartitem",
    "pk": 87,
    "fields": {
        "cart": 7,
        "toy": 26,
        "quantity": 3,
        "total_price": 256800,
        "created_at": "2025-04-17T20:00:42.305Z",
        "updated_at": "2025-04-17T20:07:51.757Z"
    }
},
{
    "model": "carts.cartitem",
    "pk": 88,
    "fields": {
        "cart": 7,
        "toy": 24,
        "quantity": 1,
        "total_price": 66700,
        "created_at": "2025-04-17T20:00:43.705Z",
        "updated_at": "2025-04-17T20:00:43.713Z"
    }
},
{
    "model": "carts.cartitem",
    "pk": 89,
    "fields": {
        "cart": 7,
        "toy": 31,
        "quantity": 2,
        "total_price": 15752,
        "created_at": "2025-04-17T20:07:52.792Z",
        "updated_at": "2025-04-17T20:07:53.000Z"
    }
},
{
    "model": "carts.cartitem",
    "pk": 90,
    "fields": {
        "cart": 12,
        "toy": 31,
        "quantity": 2,
        "total_price": 15752,
        "created_at": "2025-04-17T20:39:40.603Z",
        "updated_at": "2025-04-17T20:39:43.404Z"
    }
},
{
    "model": "carts.cartitem",
    "pk": 91,
    "fields": {
        "cart": 12,
        "toy": 26,
        "quantity": 3,
        "total_price": 256800,
        "created_at": "2025-04-17T20:39:41.202Z",
        "updated_at": "2025-04-17T20:40:06.110Z"
    }
},
{
    "model": "carts.cartitem",
    "pk": 92,
    "fields": {
        "cart": 12,
        "toy": 24,
        "quantity": 1,
        "total_price": 66700,
        "created_at": "2025-04-17T20:39:41.823Z",
        "updated_at": "2025-04-17T20:39:41.832Z"
    }
},
{
    "model": "carts.cartitem",
    "pk": 93,
    "fields": {
        "cart": 12,
        "toy": 23,
        "quantity": 1,
        "total_price": 58300,
        "created_at": "2025-04-17T20:39:42.637Z",
        "updated_at": "2025-04-17T20:39:42.643Z"
    }
},
{
    "model": "carts.cartitem",
    "pk": 94,
    "fields": {
        "cart": 12,
        "toy": 21,
        "quantity": 1,
        "total_price": 22000,
        "created_at": "2025-04-17T20:39:44.555Z",
        "updated_at": "2025-04-17T20:39:44.563Z"
    }
},
{
    "model": "carts.cartitem",
    "pk": 96,
    "fields": {
        "cart": 14,
        "toy": 26,
        "quantity": 1,
        "total_price": 85600,
        "created_at": "2025-04-17T20:43:47.172Z",
        "updated_at": "2025-04-17T20:43:47.179Z"
    }
},
{
    "model": "carts.cartitem",
    "pk": 97,
    "fields": {
        "cart": 14,
        "toy": 31,
        "quantity": 1,
        "total_price": 7876,
        "created_at": "2025-04-17T20:43:47.768Z",
        "updated_at": "2025-04-17T20:43:47.775Z"
    }
},
{
    "model": "carts.cartitem",
    "pk": 98,
    "fields": {
        "cart": 14,
        "toy": 24,
        "quantity": 1,
        "total_price": 66700,
        "created_at": "2025-04-17T20:43:48.373Z",
        "updated_at": "2025-04-17T20:43:48.383Z"
    }
},
{
    "model": "carts.cartitem",
    "pk": 99,
    "fields": {
        "cart": 14,
        "toy": 23,
        "quantity": 1,
        "total_price": 58300,
        "created_at": "2025-04-17T20:43:48.875Z",
        "updated_at": "2025-04-17T20:43:48.883Z"
    }
},
{
    "model": "carts.cartitem",
    "pk": 100,
    "fields": {
        "cart": 14,
        "toy": 19,
        "quantity": 1,
        "total_price": 77900,
        "created_at": "2025-04-17T20:43:49.671Z",
        "updated_at": "2025-04-17T20:43:49.685Z"
    }
},
{
    "model": "carts.cartitem",
    "pk": 101,
    "fields": {
        "cart": 14,
        "toy": 21,
        "quantity": 1,
        "total_price": 22000,
        "created_at": "2025-04-17T20:43:50.536Z",
        "updated_at": "2025-04-17T20:43:50.544Z"
    }
},
{
    "model": "carts.cartitem",
    "pk": 104,
    "fields": {
        "cart": 13,
        "toy": 23,
        "quantity": 1,
        "total_price": 58300,
        "created_at": "2025-04-19T18:15:45.099Z",
        "updated_at": "2025-04-19T18:15:45.105Z"
    }
},
{
    "model": "carts.cartitem",
    "pk": 105,
    "fields": {
        "cart": 15,
        "toy": 26,
        "quantity": 1,
        "total_price": 85600,
        "created_at": "2025-04-21T07:48:21.525Z",
        "updated_at": "2025-04-21T07:48:21.542Z"
    }
},
{
    "model": "carts.cartitem",
    "pk": 106,
    "fields": {
        "cart": 15,
        "toy": 16,
        "quantity": 3,
        "total_price": 98700,
        "created_at": "2025-04-21T07:48:33.144Z",
        "updated_at": "2025-04-21T07:48:34.655Z"
    }
},
{
    "model": "wishlists.wishlist",
    "pk": 2,
    "fields": {
        "user": 11,
        "created_at": "2025-04-12T15:41:01.474Z",
        "updated_at": "2025-04-12T15:41:01.474Z"
    }
},
{
    "model": "wishlists.wishlist",
    "pk": 5,
    "fields": {
        "user": 9,
        "created_at": "2025-04-15T20:22:12.674Z",
        "updated_at": "2025-04-15T20:22:12.674Z"
    }
},
{
    "model": "wishlists.wishlist",
    "pk": 6,
    "fields": {
        "user": 25,
        "created_at": "2025-04-21T07:48:20.192Z",
        "updated_at": "2025-04-21T07:48:20.192Z"
    }
},
{
    "model": "wishlists.wishlistitem",
    "pk": 62,
    "fields": {
        "wishlist": 5,
        "toy": 31,
        "quantity": 2
    }
},
{
    "model": "wishlists.wishlistitem",
    "pk": 70,
    "fields": {
        "wishlist": 6,
        "toy": 26,
        "quantity": 1
    }
}
]
