[
{
    "model": "customers.toyclub",
    "pk": 1,
    "fields": {
        "user": 3,
        "level": "bronze",
        "unique_number": "ABC12345",
        "created_at": "2025-04-02T09:11:25.372Z",
        "updated_at": "2025-04-08T08:48:34.203Z"
    }
},
{
    "model": "customers.toyclub",
    "pk": 2,
    "fields": {
        "user": 1,
        "level": "silver",
        "unique_number": "BBC12345",
        "created_at": "2025-04-02T09:28:14.771Z",
        "updated_at": "2025-04-08T08:48:43.096Z"
    }
},
{
    "model": "customers.toyclub",
    "pk": 3,
    "fields": {
        "user": 4,
        "level": "gold",
        "unique_number": "CBA12345",
        "created_at": "2025-04-02T09:28:38.305Z",
        "updated_at": "2025-04-08T08:48:54.860Z"
    }
},
{
    "model": "customers.toyclub",
    "pk": 7,
    "fields": {
        "user": 11,
        "level": "gold",
        "unique_number": "ABC1233538",
        "created_at": "2025-04-07T16:37:52.015Z",
        "updated_at": "2025-04-07T17:04:56.113Z"
    }
},
{
    "model": "customers.toyclub",
    "pk": 8,
    "fields": {
        "user": 10,
        "level": "gold",
        "unique_number": "ABC0987654",
        "created_at": "2025-04-12T15:36:37.478Z",
        "updated_at": "2025-04-12T15:36:50.197Z"
    }
},
{
    "model": "customers.toyclub",
    "pk": 9,
    "fields": {
        "user": 2,
        "level": "silver",
        "unique_number": "ABC1234646",
        "created_at": "2025-04-12T15:37:35.690Z",
        "updated_at": "2025-04-12T18:39:41.786Z"
    }
},
{
    "model": "customers.toyclub",
    "pk": 10,
    "fields": {
        "user": 5,
        "level": "gold",
        "unique_number": "GGG1234567",
        "created_at": "2025-04-12T18:43:32.461Z",
        "updated_at": "2025-04-12T18:45:35.177Z"
    }
},
{
    "model": "customers.toyclub",
    "pk": 11,
    "fields": {
        "user": 9,
        "level": "silver",
        "unique_number": "AAA1234567",
        "created_at": "2025-04-12T18:46:22.398Z",
        "updated_at": "2025-04-12T18:51:11.569Z"
    }
},
{
    "model": "customers.toyclub",
    "pk": 12,
    "fields": {
        "user": 6,
        "level": "bronze",
        "unique_number": "BBB1234567",
        "created_at": "2025-04-12T18:57:51.677Z",
        "updated_at": "2025-04-12T19:24:38.067Z"
    }
},
{
    "model": "customers.toyclub",
    "pk": 14,
    "fields": {
        "user": null,
        "level": "gold",
        "unique_number": "ASD1234567",
        "created_at": "2025-04-15T21:18:02.269Z",
        "updated_at": "2025-04-15T21:18:02.269Z"
    }
},
{
    "model": "customers.toyclub",
    "pk": 15,
    "fields": {
        "user": null,
        "level": "gold",
        "unique_number": "GGH1234567",
        "created_at": "2025-04-15T21:18:22.243Z",
        "updated_at": "2025-04-15T21:18:22.243Z"
    }
},
{
    "model": "customers.user",
    "pk": 1,
    "fields": {
        "password": "pbkdf2_sha256$260000$JpRSwvWoxxhWYuIRzcoFFi$mJ9+oDUBvI7UvODbEtb5L9tz5Uif2U9hylJmKNg6sVc=",
        "last_login": null,
        "is_superuser": false,
        "first_name": "John",
        "last_name": "Smith",
        "is_staff": false,
        "is_active": true,
        "date_joined": "2025-04-01T18:01:19.520Z",
        "email": "johnsmith@example.com",
        "shop_admin": false,
        "join_date": "2025-04-01T10:56:44.950Z",
        "updated_at": "2025-04-01T17:49:09.950Z",
        "groups": [],
        "user_permissions": []
    }
},
{
    "model": "customers.user",
    "pk": 2,
    "fields": {
        "password": "pbkdf2_sha256$260000$JpRSwvWoxxhWYuIRzcoFFi$mJ9+oDUBvI7UvODbEtb5L9tz5Uif2U9hylJmKNg6sVc=",
        "last_login": null,
        "is_superuser": false,
        "first_name": "Emily",
        "last_name": "Jones",
        "is_staff": false,
        "is_active": true,
        "date_joined": "2025-04-01T18:01:19.521Z",
        "email": "emilyjones@example.com",
        "shop_admin": false,
        "join_date": "2025-04-01T10:56:44.950Z",
        "updated_at": "2025-04-01T17:49:09.950Z",
        "groups": [],
        "user_permissions": []
    }
},
{
    "model": "customers.user",
    "pk": 3,
    "fields": {
        "password": "pbkdf2_sha256$260000$JpRSwvWoxxhWYuIRzcoFFi$mJ9+oDUBvI7UvODbEtb5L9tz5Uif2U9hylJmKNg6sVc=",
        "last_login": null,
        "is_superuser": false,
        "first_name": "Michael",
        "last_name": "Brown",
        "is_staff": false,
        "is_active": true,
        "date_joined": "2025-04-01T18:01:19.522Z",
        "email": "michaelbrown@example.com",
        "shop_admin": false,
        "join_date": "2025-04-01T10:56:44.950Z",
        "updated_at": "2025-04-01T17:49:09.950Z",
        "groups": [],
        "user_permissions": []
    }
},
{
    "model": "customers.user",
    "pk": 4,
    "fields": {
        "password": "pbkdf2_sha256$260000$JpRSwvWoxxhWYuIRzcoFFi$mJ9+oDUBvI7UvODbEtb5L9tz5Uif2U9hylJmKNg6sVc=",
        "last_login": null,
        "is_superuser": false,
        "first_name": "Sarah",
        "last_name": "Johnson",
        "is_staff": false,
        "is_active": true,
        "date_joined": "2025-04-01T18:01:19.522Z",
        "email": "sarahjohnson@example.com",
        "shop_admin": false,
        "join_date": "2025-04-01T10:56:44.950Z",
        "updated_at": "2025-04-01T17:49:09.950Z",
        "groups": [],
        "user_permissions": []
    }
},
{
    "model": "customers.user",
    "pk": 5,
    "fields": {
        "password": "pbkdf2_sha256$1000000$nmnzaqpvHhq2JThM3RHeSJ$SL8T36h8b6eB0+WJaNuVnuw9+ysyA4fy3Ma+3W3y720=",
        "last_login": null,
        "is_superuser": false,
        "first_name": "shop",
        "last_name": "admin",
        "is_staff": false,
        "is_active": true,
        "date_joined": "2025-04-01T18:01:19Z",
        "email": "shop_admin@toyshop.com",
        "shop_admin": true,
        "join_date": "2025-04-01T10:56:44.950Z",
        "updated_at": "2025-04-17T10:08:19.855Z",
        "groups": [],
        "user_permissions": []
    }
},
{
    "model": "customers.user",
    "pk": 6,
    "fields": {
        "password": "pbkdf2_sha256$260000$JpRSwvWoxxhWYuIRzcoFFi$mJ9+oDUBvI7UvODbEtb5L9tz5Uif2U9hylJmKNg6sVc=",
        "last_login": null,
        "is_superuser": false,
        "first_name": "Laura",
        "last_name": "Wilson",
        "is_staff": false,
        "is_active": true,
        "date_joined": "2025-04-01T18:01:19.524Z",
        "email": "laurawilson@example.com",
        "shop_admin": false,
        "join_date": "2025-04-01T10:56:44.950Z",
        "updated_at": "2025-04-01T17:49:09.950Z",
        "groups": [],
        "user_permissions": []
    }
},
{
    "model": "customers.user",
    "pk": 8,
    "fields": {
        "password": "pbkdf2_sha256$260000$JpRSwvWoxxhWYuIRzcoFFi$mJ9+oDUBvI7UvODbEtb5L9tz5Uif2U9hylJmKNg6sVc=",
        "last_login": null,
        "is_superuser": false,
        "first_name": "Olivia",
        "last_name": "Clark",
        "is_staff": false,
        "is_active": true,
        "date_joined": "2025-04-01T18:01:19.525Z",
        "email": "oliviaclark@example.com",
        "shop_admin": false,
        "join_date": "2025-04-01T10:56:44.950Z",
        "updated_at": "2025-04-01T17:49:09.950Z",
        "groups": [],
        "user_permissions": []
    }
},
{
    "model": "customers.user",
    "pk": 9,
    "fields": {
        "password": "pbkdf2_sha256$1000000$lUycunvnUBLmoXgz62tXSA$x2nqHmFHhklsx1S1luouyLvKWZQ0u+efV6ufqOZdvW4=",
        "last_login": null,
        "is_superuser": false,
        "first_name": "customer",
        "last_name": "shop customer",
        "is_staff": false,
        "is_active": true,
        "date_joined": "2025-04-01T18:01:19Z",
        "email": "customer@toyshop.com",
        "shop_admin": false,
        "join_date": "2025-04-01T10:56:44.950Z",
        "updated_at": "2025-04-17T10:07:34.454Z",
        "groups": [],
        "user_permissions": []
    }
},
{
    "model": "customers.user",
    "pk": 10,
    "fields": {
        "password": "pbkdf2_sha256$260000$JpRSwvWoxxhWYuIRzcoFFi$mJ9+oDUBvI7UvODbEtb5L9tz5Uif2U9hylJmKNg6sVc=",
        "last_login": null,
        "is_superuser": false,
        "first_name": "Grace",
        "last_name": "Young",
        "is_staff": false,
        "is_active": true,
        "date_joined": "2025-04-01T18:01:19.526Z",
        "email": "graceyoung@example.com",
        "shop_admin": false,
        "join_date": "2025-04-01T10:56:44.950Z",
        "updated_at": "2025-04-01T17:49:09.950Z",
        "groups": [],
        "user_permissions": []
    }
},
{
    "model": "customers.user",
    "pk": 11,
    "fields": {
        "password": "pbkdf2_sha256$1000000$9kCcw5zXcAyLj499nb9wtX$080SB+5iADV3sEFO6wW8On7VpAZkilMzofqDPC0zy4g=",
        "last_login": "2025-04-25T07:17:36.185Z",
        "is_superuser": false,
        "first_name": "admin",
        "last_name": "super_admin",
        "is_staff": true,
        "is_active": true,
        "date_joined": "2025-04-02T07:35:53Z",
        "email": "admin@toyshop.com",
        "shop_admin": true,
        "join_date": "2025-04-02T07:35:54.004Z",
        "updated_at": "2025-04-17T10:08:38.486Z",
        "groups": [],
        "user_permissions": []
    }
},
{
    "model": "customers.user",
    "pk": 43,
    "fields": {
        "password": "pbkdf2_sha256$1000000$cSUHyKxxGxkCxFQFWNTNII$9NgEIhofs9eR2rAiZu6SlYauZubPAh9BnJ8EZNs1zys=",
        "last_login": "2025-04-23T18:17:07.869Z",
        "is_superuser": false,
        "first_name": "",
        "last_name": "",
        "is_staff": false,
        "is_active": true,
        "date_joined": "2025-04-23T18:06:00.941Z",
        "email": "yorobod845@asaption.com",
        "shop_admin": false,
        "join_date": "2025-04-23T18:06:01.904Z",
        "updated_at": "2025-04-23T18:11:17.518Z",
        "groups": [],
        "user_permissions": []
    }
},
{
    "model": "customers.user",
    "pk": 44,
    "fields": {
        "password": "pbkdf2_sha256$1000000$B3FtzodmWL9maAxxTItjJk$34cIN2UFEi6988dcqnqM2aMTs3N49uR2fcXIK5zWJ1Q=",
        "last_login": "2025-04-24T09:19:02.652Z",
        "is_superuser": false,
        "first_name": "her",
        "last_name": "впав",
        "is_staff": false,
        "is_active": true,
        "date_joined": "2025-04-23T20:57:16.524Z",
        "email": "rebeb33670@asaption.com",
        "shop_admin": false,
        "join_date": "2025-04-23T20:57:17.394Z",
        "updated_at": "2025-04-24T09:18:34.899Z",
        "groups": [],
        "user_permissions": []
    }
},
{
    "model": "orders.order",
    "pk": 8,
    "fields": {
        "user": 11,
        "cart": 12,
        "total_price": 419552,
        "deliver_to": "Kharkiv",
        "delivery_method": "new_post",
        "payment_method": "card",
        "recipient": "Julia",
        "created_at": "2025-04-17T20:40:32.368Z",
        "update_at": "2025-04-17T20:40:32.368Z"
    }
},
{
    "model": "toys.category",
    "pk": 1,
    "fields": {
        "name": "Cars & Vehicles",
        "created_at": "2025-04-01T17:49:09.968Z",
        "updated_at": "2025-04-01T17:49:09.968Z"
    }
},
{
    "model": "toys.category",
    "pk": 2,
    "fields": {
        "name": "Dolls & Accessories",
        "created_at": "2025-04-01T17:49:09.968Z",
        "updated_at": "2025-04-01T17:49:09.968Z"
    }
},
{
    "model": "toys.category",
    "pk": 3,
    "fields": {
        "name": "Building Blocks",
        "created_at": "2025-04-01T17:49:09.968Z",
        "updated_at": "2025-04-01T17:49:09.968Z"
    }
},
{
    "model": "toys.category",
    "pk": 4,
    "fields": {
        "name": "Board Games",
        "created_at": "2025-04-01T17:49:09.968Z",
        "updated_at": "2025-04-01T17:49:09.968Z"
    }
},
{
    "model": "toys.category",
    "pk": 5,
    "fields": {
        "name": "Action Figures",
        "created_at": "2025-04-01T17:49:09.968Z",
        "updated_at": "2025-04-01T17:49:09.968Z"
    }
},
{
    "model": "toys.category",
    "pk": 6,
    "fields": {
        "name": "Stuffed Animals",
        "created_at": "2025-04-01T17:49:09.968Z",
        "updated_at": "2025-04-01T17:49:09.968Z"
    }
},
{
    "model": "toys.category",
    "pk": 7,
    "fields": {
        "name": "Educational Toys",
        "created_at": "2025-04-01T17:49:09.968Z",
        "updated_at": "2025-04-01T17:49:09.968Z"
    }
},
{
    "model": "toys.category",
    "pk": 8,
    "fields": {
        "name": "Outdoor Toys",
        "created_at": "2025-04-01T17:49:09.968Z",
        "updated_at": "2025-04-01T17:49:09.968Z"
    }
},
{
    "model": "toys.category",
    "pk": 9,
    "fields": {
        "name": "Electronic Toys",
        "created_at": "2025-04-01T17:49:09.968Z",
        "updated_at": "2025-04-01T17:49:09.968Z"
    }
},
{
    "model": "toys.category",
    "pk": 10,
    "fields": {
        "name": "Craft Supplies",
        "created_at": "2025-04-01T17:49:09.968Z",
        "updated_at": "2025-04-01T17:49:09.968Z"
    }
},
{
    "model": "toys.toy",
    "pk": 1,
    "fields": {
        "owner": 1,
        "name": "Mirror",
        "description": "Some dolls acsessories",
        "price": 90600,
        "stock": 11,
        "manufacturer": "Wilkinson, House and Carter",
        "photo": "toys/acsessories1.jpeg",
        "created_at": "2025-04-01T17:49:09.970Z",
        "updated_at": "2025-04-17T19:11:43.503Z",
        "category": [
            2,
            7
        ]
    }
},
{
    "model": "toys.toy",
    "pk": 2,
    "fields": {
        "owner": 9,
        "name": "Red car",
        "description": "Super speed red car",
        "price": 60300,
        "stock": 15,
        "manufacturer": "Wagner-Chavez",
        "photo": "toys/car1.jpeg",
        "created_at": "2025-04-01T17:49:09.970Z",
        "updated_at": "2025-04-17T19:11:43.506Z",
        "category": [
            1
        ]
    }
},
{
    "model": "toys.toy",
    "pk": 3,
    "fields": {
        "owner": 10,
        "name": "Yellow car",
        "description": "Car contructor",
        "price": 96900,
        "stock": 15,
        "manufacturer": "Booth PLC",
        "photo": "toys/car2.jpeg",
        "created_at": "2025-04-01T17:49:09.970Z",
        "updated_at": "2025-04-17T19:11:43.509Z",
        "category": [
            1,
            9,
            10
        ]
    }
},
{
    "model": "toys.toy",
    "pk": 5,
    "fields": {
        "owner": 9,
        "name": "Puzzle touch screen",
        "description": "Lot hit modern.",
        "price": 82700,
        "stock": 8,
        "manufacturer": "Hensley, Gillespie and Bailey",
        "photo": "toys/constructor2.jpeg",
        "created_at": "2025-04-01T17:49:09.971Z",
        "updated_at": "2025-04-17T19:11:43.512Z",
        "category": [
            7,
            9
        ]
    }
},
{
    "model": "toys.toy",
    "pk": 6,
    "fields": {
        "owner": 6,
        "name": "Abacus",
        "description": "The child is learning to count on an abacus.",
        "price": 10900,
        "stock": 12,
        "manufacturer": "Goodman Ltd",
        "photo": "toys/constructor3.jpeg",
        "created_at": "2025-04-01T17:49:09.971Z",
        "updated_at": "2025-04-17T19:11:43.515Z",
        "category": [
            4,
            5
        ]
    }
},
{
    "model": "toys.toy",
    "pk": 7,
    "fields": {
        "owner": 5,
        "name": "Lily Doll",
        "description": "Us as summer pretty if worry.",
        "price": 27200,
        "stock": 12,
        "manufacturer": "Taylor, Smith and Cox",
        "photo": "toys/doll2.jpeg",
        "created_at": "2025-04-01T17:49:09.971Z",
        "updated_at": "2025-04-17T19:11:43.517Z",
        "category": [
            2,
            5,
            7
        ]
    }
},
{
    "model": "toys.toy",
    "pk": 10,
    "fields": {
        "owner": 8,
        "name": "Logical toy",
        "description": "Board just major author eight often.",
        "price": 19900,
        "stock": 2,
        "manufacturer": "Lucas-Oliver",
        "photo": "toys/kid1.jpeg",
        "created_at": "2025-04-01T17:49:09.972Z",
        "updated_at": "2025-04-17T19:11:43.520Z",
        "category": [
            3,
            4,
            10
        ]
    }
},
{
    "model": "toys.toy",
    "pk": 11,
    "fields": {
        "owner": 4,
        "name": "Dinosaur",
        "description": "T-REX",
        "price": 83400,
        "stock": 10,
        "manufacturer": "Lang, Harris and Yates",
        "photo": "toys/monts1.jpeg",
        "created_at": "2025-04-01T17:49:09.973Z",
        "updated_at": "2025-04-17T19:11:43.522Z",
        "category": [
            5,
            6,
            8
        ]
    }
},
{
    "model": "toys.toy",
    "pk": 12,
    "fields": {
        "owner": 1,
        "name": "John's Toy",
        "description": "Focus measure summer speak.",
        "price": 81700,
        "stock": 8,
        "manufacturer": "Fernandez, Delacruz and Hanna",
        "photo": "toys/dol3.jpeg",
        "created_at": "2025-04-01T17:49:09.973Z",
        "updated_at": "2025-04-17T19:11:43.525Z",
        "category": [
            3
        ]
    }
},
{
    "model": "toys.toy",
    "pk": 13,
    "fields": {
        "owner": 3,
        "name": "Lolly Molly",
        "description": "Both seven city nothing east.",
        "price": 75500,
        "stock": 17,
        "manufacturer": "Valenzuela, Boyer and Holmes",
        "photo": "toys/toy4.jpeg",
        "created_at": "2025-04-01T17:49:09.974Z",
        "updated_at": "2025-04-17T19:11:43.528Z",
        "category": [
            3,
            9
        ]
    }
},
{
    "model": "toys.toy",
    "pk": 14,
    "fields": {
        "owner": 3,
        "name": "Joystic Game pad",
        "description": "Simply for powerful games",
        "price": 85400,
        "stock": 12,
        "manufacturer": "Sharp Group",
        "photo": "toys/toy5.jpeg",
        "created_at": "2025-04-01T17:49:09.974Z",
        "updated_at": "2025-04-17T19:11:43.530Z",
        "category": [
            4,
            5,
            9
        ]
    }
},
{
    "model": "toys.toy",
    "pk": 15,
    "fields": {
        "owner": 5,
        "name": "Teddy Bear",
        "description": "Talk article charge.",
        "price": 66200,
        "stock": 15,
        "manufacturer": "Welch-Hunt",
        "photo": "toys/toy6.jpeg",
        "created_at": "2025-04-01T17:49:09.974Z",
        "updated_at": "2025-04-17T19:11:43.533Z",
        "category": [
            2,
            5,
            7
        ]
    }
},
{
    "model": "toys.toy",
    "pk": 16,
    "fields": {
        "owner": 9,
        "name": "RainBow spiral",
        "description": "Station sense perform do.",
        "price": 32900,
        "stock": 13,
        "manufacturer": "Anderson Inc",
        "photo": "toys/toy7.jpeg",
        "created_at": "2025-04-01T17:49:09.974Z",
        "updated_at": "2025-04-17T19:11:43.536Z",
        "category": [
            2,
            3,
            4,
            8
        ]
    }
},
{
    "model": "toys.toy",
    "pk": 18,
    "fields": {
        "owner": 8,
        "name": "Watering can",
        "description": "A container with a spout, used to water plants.",
        "price": 63000,
        "stock": 4,
        "manufacturer": "Jensen-Johnson",
        "photo": "toys/toy9.jpeg",
        "created_at": "2025-04-01T17:49:09.975Z",
        "updated_at": "2025-04-17T19:11:43.539Z",
        "category": [
            8,
            10
        ]
    }
},
{
    "model": "toys.toy",
    "pk": 19,
    "fields": {
        "owner": 6,
        "name": "Green water can",
        "description": "A container with a spout, used to water plants.",
        "price": 77900,
        "stock": 13,
        "manufacturer": "Padilla-Ford",
        "photo": "toys/toy10.jpeg",
        "created_at": "2025-04-01T17:49:09.975Z",
        "updated_at": "2025-04-17T19:11:43.541Z",
        "category": [
            3,
            6,
            8,
            10
        ]
    }
},
{
    "model": "toys.toy",
    "pk": 20,
    "fields": {
        "owner": 9,
        "name": "Tools",
        "description": "make your life easier",
        "price": 23200,
        "stock": 9,
        "manufacturer": "Berry, Houston and Li",
        "photo": "toys/toy11.jpeg",
        "created_at": "2025-04-01T17:49:09.975Z",
        "updated_at": "2025-04-17T19:11:43.544Z",
        "category": [
            3,
            8,
            10
        ]
    }
},
{
    "model": "toys.toy",
    "pk": 21,
    "fields": {
        "owner": 5,
        "name": "Punny Bear",
        "description": "Education west pattern view world manage run skill.",
        "price": 22000,
        "stock": 1,
        "manufacturer": "Knight LLC",
        "photo": "toys/toy12.jpeg",
        "created_at": "2025-04-01T17:49:09.976Z",
        "updated_at": "2025-04-17T19:11:43.547Z",
        "category": [
            7
        ]
    }
},
{
    "model": "toys.toy",
    "pk": 22,
    "fields": {
        "owner": 2,
        "name": "Globus",
        "description": "World in your hand",
        "price": 69000,
        "stock": 7,
        "manufacturer": "Turner, Banks and Cox",
        "photo": "toys/toy13.jpeg",
        "created_at": "2025-04-01T17:49:09.976Z",
        "updated_at": "2025-04-17T19:11:43.501Z",
        "category": [
            3,
            4
        ]
    }
},
{
    "model": "toys.toy",
    "pk": 23,
    "fields": {
        "owner": 2,
        "name": "playdough",
        "description": "If enter worry.",
        "price": 58300,
        "stock": 14,
        "manufacturer": "Martin Inc",
        "photo": "toys/toy15.jpeg",
        "created_at": "2025-04-01T17:49:09.976Z",
        "updated_at": "2025-04-17T19:11:43.549Z",
        "category": [
            3,
            5,
            7
        ]
    }
},
{
    "model": "toys.toy",
    "pk": 24,
    "fields": {
        "owner": 3,
        "name": "playdough red",
        "description": "Blue fine exactly force room he a necessary.",
        "price": 66700,
        "stock": 20,
        "manufacturer": "Burch-Murphy",
        "photo": "toys/toy16.jpeg",
        "created_at": "2025-04-01T17:49:09.977Z",
        "updated_at": "2025-04-17T19:11:43.552Z",
        "category": [
            2,
            3,
            4
        ]
    }
},
{
    "model": "toys.toy",
    "pk": 26,
    "fields": {
        "owner": 11,
        "name": "Cute Dolly",
        "description": "Site result crime involve research.",
        "price": 85600,
        "stock": 20,
        "manufacturer": "Murphy, Wilson and Hudson",
        "photo": "toys/doll1.jpeg",
        "created_at": "2025-04-01T17:49:09.977Z",
        "updated_at": "2025-04-24T19:18:11.872Z",
        "category": [
            2,
            3
        ]
    }
},
{
    "model": "toys.toy",
    "pk": 31,
    "fields": {
        "owner": 11,
        "name": "Black man",
        "description": "super toy like it",
        "price": 7876,
        "stock": 29,
        "manufacturer": "Liberty production",
        "photo": "toys/dol3.jpeg",
        "created_at": "2025-04-06T08:39:04.074Z",
        "updated_at": "2025-04-17T19:59:29.664Z",
        "category": [
            1,
            4,
            5,
            6,
            7
        ]
    }
},
{
    "model": "carts.cart",
    "pk": 3,
    "fields": {
        "user": 11,
        "order_time": "2025-04-11T04:22:07.772Z",
        "is_active": false
    }
},
{
    "model": "carts.cart",
    "pk": 4,
    "fields": {
        "user": 11,
        "order_time": "2025-04-11T04:31:12.180Z",
        "is_active": false
    }
},
{
    "model": "carts.cart",
    "pk": 5,
    "fields": {
        "user": 11,
        "order_time": "2025-04-11T04:41:50.260Z",
        "is_active": false
    }
},
{
    "model": "carts.cart",
    "pk": 6,
    "fields": {
        "user": 11,
        "order_time": "2025-04-11T04:45:12.200Z",
        "is_active": false
    }
},
{
    "model": "carts.cart",
    "pk": 7,
    "fields": {
        "user": 11,
        "order_time": "2025-04-12T14:45:44.041Z",
        "is_active": false
    }
},
{
    "model": "carts.cart",
    "pk": 10,
    "fields": {
        "user": 9,
        "order_time": "2025-04-15T20:22:10.691Z",
        "is_active": false
    }
},
{
    "model": "carts.cart",
    "pk": 11,
    "fields": {
        "user": 9,
        "order_time": "2025-04-15T21:13:06.970Z",
        "is_active": true
    }
},
{
    "model": "carts.cart",
    "pk": 12,
    "fields": {
        "user": 11,
        "order_time": "2025-04-17T20:39:40.567Z",
        "is_active": false
    }
},
{
    "model": "carts.cart",
    "pk": 13,
    "fields": {
        "user": 11,
        "order_time": "2025-04-17T20:41:04.300Z",
        "is_active": true
    }
},
{
    "model": "carts.cartitem",
    "pk": 3,
    "fields": {
        "cart": 3,
        "toy": 31,
        "quantity": 1,
        "total_price": 126,
        "created_at": "2025-04-11T04:22:07.925Z",
        "updated_at": "2025-04-17T19:11:43.289Z"
    }
},
{
    "model": "carts.cartitem",
    "pk": 4,
    "fields": {
        "cart": 3,
        "toy": 24,
        "quantity": 1,
        "total_price": 666,
        "created_at": "2025-04-11T04:22:13.022Z",
        "updated_at": "2025-04-17T19:11:43.299Z"
    }
},
{
    "model": "carts.cartitem",
    "pk": 5,
    "fields": {
        "cart": 3,
        "toy": 23,
        "quantity": 1,
        "total_price": 583,
        "created_at": "2025-04-11T04:22:13.938Z",
        "updated_at": "2025-04-17T19:11:43.304Z"
    }
},
{
    "model": "carts.cartitem",
    "pk": 6,
    "fields": {
        "cart": 4,
        "toy": 1,
        "quantity": 1,
        "total_price": 905,
        "created_at": "2025-04-11T04:31:36.257Z",
        "updated_at": "2025-04-17T19:11:43.310Z"
    }
},
{
    "model": "carts.cartitem",
    "pk": 7,
    "fields": {
        "cart": 4,
        "toy": 2,
        "quantity": 1,
        "total_price": 602,
        "created_at": "2025-04-11T04:31:37.964Z",
        "updated_at": "2025-04-17T19:11:43.321Z"
    }
},
{
    "model": "carts.cartitem",
    "pk": 8,
    "fields": {
        "cart": 4,
        "toy": 3,
        "quantity": 1,
        "total_price": 968,
        "created_at": "2025-04-11T04:31:38.815Z",
        "updated_at": "2025-04-17T19:11:43.326Z"
    }
},
{
    "model": "carts.cartitem",
    "pk": 9,
    "fields": {
        "cart": 5,
        "toy": 1,
        "quantity": 1,
        "total_price": 905,
        "created_at": "2025-04-11T04:42:19.261Z",
        "updated_at": "2025-04-17T19:11:43.332Z"
    }
},
{
    "model": "carts.cartitem",
    "pk": 10,
    "fields": {
        "cart": 5,
        "toy": 2,
        "quantity": 1,
        "total_price": 602,
        "created_at": "2025-04-11T04:42:20.078Z",
        "updated_at": "2025-04-17T19:11:43.337Z"
    }
},
{
    "model": "carts.cartitem",
    "pk": 12,
    "fields": {
        "cart": 6,
        "toy": 1,
        "quantity": 1,
        "total_price": 905,
        "created_at": "2025-04-11T04:45:12.340Z",
        "updated_at": "2025-04-17T19:11:43.343Z"
    }
},
{
    "model": "carts.cartitem",
    "pk": 13,
    "fields": {
        "cart": 6,
        "toy": 3,
        "quantity": 1,
        "total_price": 968,
        "created_at": "2025-04-11T04:45:12.891Z",
        "updated_at": "2025-04-17T19:11:43.349Z"
    }
},
{
    "model": "carts.cartitem",
    "pk": 14,
    "fields": {
        "cart": 6,
        "toy": 5,
        "quantity": 1,
        "total_price": 827,
        "created_at": "2025-04-11T04:45:14.002Z",
        "updated_at": "2025-04-17T19:11:43.355Z"
    }
},
{
    "model": "carts.cartitem",
    "pk": 80,
    "fields": {
        "cart": 10,
        "toy": 31,
        "quantity": 2,
        "total_price": 252,
        "created_at": "2025-04-15T21:11:18.911Z",
        "updated_at": "2025-04-17T19:11:43.360Z"
    }
},
{
    "model": "carts.cartitem",
    "pk": 81,
    "fields": {
        "cart": 10,
        "toy": 23,
        "quantity": 3,
        "total_price": 1749,
        "created_at": "2025-04-15T21:11:23.094Z",
        "updated_at": "2025-04-17T19:11:43.366Z"
    }
},
{
    "model": "carts.cartitem",
    "pk": 82,
    "fields": {
        "cart": 11,
        "toy": 31,
        "quantity": 3,
        "total_price": 379,
        "created_at": "2025-04-15T21:13:06.985Z",
        "updated_at": "2025-04-17T19:11:43.371Z"
    }
},
{
    "model": "carts.cartitem",
    "pk": 87,
    "fields": {
        "cart": 7,
        "toy": 26,
        "quantity": 3,
        "total_price": 256800,
        "created_at": "2025-04-17T20:00:42.305Z",
        "updated_at": "2025-04-17T20:07:51.757Z"
    }
},
{
    "model": "carts.cartitem",
    "pk": 88,
    "fields": {
        "cart": 7,
        "toy": 24,
        "quantity": 1,
        "total_price": 66700,
        "created_at": "2025-04-17T20:00:43.705Z",
        "updated_at": "2025-04-17T20:00:43.713Z"
    }
},
{
    "model": "carts.cartitem",
    "pk": 89,
    "fields": {
        "cart": 7,
        "toy": 31,
        "quantity": 2,
        "total_price": 15752,
        "created_at": "2025-04-17T20:07:52.792Z",
        "updated_at": "2025-04-17T20:07:53Z"
    }
},
{
    "model": "carts.cartitem",
    "pk": 90,
    "fields": {
        "cart": 12,
        "toy": 31,
        "quantity": 2,
        "total_price": 15752,
        "created_at": "2025-04-17T20:39:40.603Z",
        "updated_at": "2025-04-17T20:39:43.404Z"
    }
},
{
    "model": "carts.cartitem",
    "pk": 91,
    "fields": {
        "cart": 12,
        "toy": 26,
        "quantity": 3,
        "total_price": 256800,
        "created_at": "2025-04-17T20:39:41.202Z",
        "updated_at": "2025-04-17T20:40:06.110Z"
    }
},
{
    "model": "carts.cartitem",
    "pk": 92,
    "fields": {
        "cart": 12,
        "toy": 24,
        "quantity": 1,
        "total_price": 66700,
        "created_at": "2025-04-17T20:39:41.823Z",
        "updated_at": "2025-04-17T20:39:41.832Z"
    }
},
{
    "model": "carts.cartitem",
    "pk": 93,
    "fields": {
        "cart": 12,
        "toy": 23,
        "quantity": 1,
        "total_price": 58300,
        "created_at": "2025-04-17T20:39:42.637Z",
        "updated_at": "2025-04-17T20:39:42.643Z"
    }
},
{
    "model": "carts.cartitem",
    "pk": 94,
    "fields": {
        "cart": 12,
        "toy": 21,
        "quantity": 1,
        "total_price": 22000,
        "created_at": "2025-04-17T20:39:44.555Z",
        "updated_at": "2025-04-17T20:39:44.563Z"
    }
},
{
    "model": "carts.cartitem",
    "pk": 104,
    "fields": {
        "cart": 13,
        "toy": 23,
        "quantity": 1,
        "total_price": 58300,
        "created_at": "2025-04-19T18:15:45.099Z",
        "updated_at": "2025-04-19T18:15:45.105Z"
    }
},
{
    "model": "wishlists.wishlist",
    "pk": 2,
    "fields": {
        "user": 11,
        "created_at": "2025-04-12T15:41:01.474Z",
        "updated_at": "2025-04-12T15:41:01.474Z"
    }
},
{
    "model": "wishlists.wishlist",
    "pk": 5,
    "fields": {
        "user": 9,
        "created_at": "2025-04-15T20:22:12.674Z",
        "updated_at": "2025-04-15T20:22:12.674Z"
    }
},
{
    "model": "wishlists.wishlistitem",
    "pk": 62,
    "fields": {
        "wishlist": 5,
        "toy": 31,
        "quantity": 2
    }
},
{
    "model": "wishlists.wishlistitem",
    "pk": 71,
    "fields": {
        "wishlist": 2,
        "toy": 24,
        "quantity": 1
    }
},
{
    "model": "wishlists.wishlistitem",
    "pk": 72,
    "fields": {
        "wishlist": 2,
        "toy": 26,
        "quantity": 1
    }
},
{
    "model": "account.emailaddress",
    "pk": 2,
    "fields": {
        "user": 11,
        "email": "admin@toyshop.com",
        "verified": true,
        "primary": true
    }
},
{
    "model": "account.emailaddress",
    "pk": 20,
    "fields": {
        "user": 43,
        "email": "yorobod845@asaption.com",
        "verified": true,
        "primary": true
    }
},
{
    "model": "account.emailaddress",
    "pk": 21,
    "fields": {
        "user": 44,
        "email": "rebeb33670@asaption.com",
        "verified": true,
        "primary": true
    }
},
{
    "model": "auth.permission",
    "pk": 1,
    "fields": {
        "name": "Can add log entry",
        "content_type": 1,
        "codename": "add_logentry"
    }
},
{
    "model": "auth.permission",
    "pk": 2,
    "fields": {
        "name": "Can change log entry",
        "content_type": 1,
        "codename": "change_logentry"
    }
},
{
    "model": "auth.permission",
    "pk": 3,
    "fields": {
        "name": "Can delete log entry",
        "content_type": 1,
        "codename": "delete_logentry"
    }
},
{
    "model": "auth.permission",
    "pk": 4,
    "fields": {
        "name": "Can view log entry",
        "content_type": 1,
        "codename": "view_logentry"
    }
},
{
    "model": "auth.permission",
    "pk": 5,
    "fields": {
        "name": "Can add permission",
        "content_type": 2,
        "codename": "add_permission"
    }
},
{
    "model": "auth.permission",
    "pk": 6,
    "fields": {
        "name": "Can change permission",
        "content_type": 2,
        "codename": "change_permission"
    }
},
{
    "model": "auth.permission",
    "pk": 7,
    "fields": {
        "name": "Can delete permission",
        "content_type": 2,
        "codename": "delete_permission"
    }
},
{
    "model": "auth.permission",
    "pk": 8,
    "fields": {
        "name": "Can view permission",
        "content_type": 2,
        "codename": "view_permission"
    }
},
{
    "model": "auth.permission",
    "pk": 9,
    "fields": {
        "name": "Can add group",
        "content_type": 3,
        "codename": "add_group"
    }
},
{
    "model": "auth.permission",
    "pk": 10,
    "fields": {
        "name": "Can change group",
        "content_type": 3,
        "codename": "change_group"
    }
},
{
    "model": "auth.permission",
    "pk": 11,
    "fields": {
        "name": "Can delete group",
        "content_type": 3,
        "codename": "delete_group"
    }
},
{
    "model": "auth.permission",
    "pk": 12,
    "fields": {
        "name": "Can view group",
        "content_type": 3,
        "codename": "view_group"
    }
},
{
    "model": "auth.permission",
    "pk": 13,
    "fields": {
        "name": "Can add content type",
        "content_type": 4,
        "codename": "add_contenttype"
    }
},
{
    "model": "auth.permission",
    "pk": 14,
    "fields": {
        "name": "Can change content type",
        "content_type": 4,
        "codename": "change_contenttype"
    }
},
{
    "model": "auth.permission",
    "pk": 15,
    "fields": {
        "name": "Can delete content type",
        "content_type": 4,
        "codename": "delete_contenttype"
    }
},
{
    "model": "auth.permission",
    "pk": 16,
    "fields": {
        "name": "Can view content type",
        "content_type": 4,
        "codename": "view_contenttype"
    }
},
{
    "model": "auth.permission",
    "pk": 17,
    "fields": {
        "name": "Can add session",
        "content_type": 5,
        "codename": "add_session"
    }
},
{
    "model": "auth.permission",
    "pk": 18,
    "fields": {
        "name": "Can change session",
        "content_type": 5,
        "codename": "change_session"
    }
},
{
    "model": "auth.permission",
    "pk": 19,
    "fields": {
        "name": "Can delete session",
        "content_type": 5,
        "codename": "delete_session"
    }
},
{
    "model": "auth.permission",
    "pk": 20,
    "fields": {
        "name": "Can view session",
        "content_type": 5,
        "codename": "view_session"
    }
},
{
    "model": "auth.permission",
    "pk": 21,
    "fields": {
        "name": "Can add site",
        "content_type": 6,
        "codename": "add_site"
    }
},
{
    "model": "auth.permission",
    "pk": 22,
    "fields": {
        "name": "Can change site",
        "content_type": 6,
        "codename": "change_site"
    }
},
{
    "model": "auth.permission",
    "pk": 23,
    "fields": {
        "name": "Can delete site",
        "content_type": 6,
        "codename": "delete_site"
    }
},
{
    "model": "auth.permission",
    "pk": 24,
    "fields": {
        "name": "Can view site",
        "content_type": 6,
        "codename": "view_site"
    }
},
{
    "model": "auth.permission",
    "pk": 25,
    "fields": {
        "name": "Can add email address",
        "content_type": 7,
        "codename": "add_emailaddress"
    }
},
{
    "model": "auth.permission",
    "pk": 26,
    "fields": {
        "name": "Can change email address",
        "content_type": 7,
        "codename": "change_emailaddress"
    }
},
{
    "model": "auth.permission",
    "pk": 27,
    "fields": {
        "name": "Can delete email address",
        "content_type": 7,
        "codename": "delete_emailaddress"
    }
},
{
    "model": "auth.permission",
    "pk": 28,
    "fields": {
        "name": "Can view email address",
        "content_type": 7,
        "codename": "view_emailaddress"
    }
},
{
    "model": "auth.permission",
    "pk": 29,
    "fields": {
        "name": "Can add email confirmation",
        "content_type": 8,
        "codename": "add_emailconfirmation"
    }
},
{
    "model": "auth.permission",
    "pk": 30,
    "fields": {
        "name": "Can change email confirmation",
        "content_type": 8,
        "codename": "change_emailconfirmation"
    }
},
{
    "model": "auth.permission",
    "pk": 31,
    "fields": {
        "name": "Can delete email confirmation",
        "content_type": 8,
        "codename": "delete_emailconfirmation"
    }
},
{
    "model": "auth.permission",
    "pk": 32,
    "fields": {
        "name": "Can view email confirmation",
        "content_type": 8,
        "codename": "view_emailconfirmation"
    }
},
{
    "model": "auth.permission",
    "pk": 33,
    "fields": {
        "name": "Can add social account",
        "content_type": 9,
        "codename": "add_socialaccount"
    }
},
{
    "model": "auth.permission",
    "pk": 34,
    "fields": {
        "name": "Can change social account",
        "content_type": 9,
        "codename": "change_socialaccount"
    }
},
{
    "model": "auth.permission",
    "pk": 35,
    "fields": {
        "name": "Can delete social account",
        "content_type": 9,
        "codename": "delete_socialaccount"
    }
},
{
    "model": "auth.permission",
    "pk": 36,
    "fields": {
        "name": "Can view social account",
        "content_type": 9,
        "codename": "view_socialaccount"
    }
},
{
    "model": "auth.permission",
    "pk": 37,
    "fields": {
        "name": "Can add social application",
        "content_type": 10,
        "codename": "add_socialapp"
    }
},
{
    "model": "auth.permission",
    "pk": 38,
    "fields": {
        "name": "Can change social application",
        "content_type": 10,
        "codename": "change_socialapp"
    }
},
{
    "model": "auth.permission",
    "pk": 39,
    "fields": {
        "name": "Can delete social application",
        "content_type": 10,
        "codename": "delete_socialapp"
    }
},
{
    "model": "auth.permission",
    "pk": 40,
    "fields": {
        "name": "Can view social application",
        "content_type": 10,
        "codename": "view_socialapp"
    }
},
{
    "model": "auth.permission",
    "pk": 41,
    "fields": {
        "name": "Can add social application token",
        "content_type": 11,
        "codename": "add_socialtoken"
    }
},
{
    "model": "auth.permission",
    "pk": 42,
    "fields": {
        "name": "Can change social application token",
        "content_type": 11,
        "codename": "change_socialtoken"
    }
},
{
    "model": "auth.permission",
    "pk": 43,
    "fields": {
        "name": "Can delete social application token",
        "content_type": 11,
        "codename": "delete_socialtoken"
    }
},
{
    "model": "auth.permission",
    "pk": 44,
    "fields": {
        "name": "Can view social application token",
        "content_type": 11,
        "codename": "view_socialtoken"
    }
},
{
    "model": "auth.permission",
    "pk": 45,
    "fields": {
        "name": "Can add toy club",
        "content_type": 12,
        "codename": "add_toyclub"
    }
},
{
    "model": "auth.permission",
    "pk": 46,
    "fields": {
        "name": "Can change toy club",
        "content_type": 12,
        "codename": "change_toyclub"
    }
},
{
    "model": "auth.permission",
    "pk": 47,
    "fields": {
        "name": "Can delete toy club",
        "content_type": 12,
        "codename": "delete_toyclub"
    }
},
{
    "model": "auth.permission",
    "pk": 48,
    "fields": {
        "name": "Can view toy club",
        "content_type": 12,
        "codename": "view_toyclub"
    }
},
{
    "model": "auth.permission",
    "pk": 49,
    "fields": {
        "name": "Can add user",
        "content_type": 13,
        "codename": "add_user"
    }
},
{
    "model": "auth.permission",
    "pk": 50,
    "fields": {
        "name": "Can change user",
        "content_type": 13,
        "codename": "change_user"
    }
},
{
    "model": "auth.permission",
    "pk": 51,
    "fields": {
        "name": "Can delete user",
        "content_type": 13,
        "codename": "delete_user"
    }
},
{
    "model": "auth.permission",
    "pk": 52,
    "fields": {
        "name": "Can view user",
        "content_type": 13,
        "codename": "view_user"
    }
},
{
    "model": "auth.permission",
    "pk": 53,
    "fields": {
        "name": "Can add order",
        "content_type": 14,
        "codename": "add_order"
    }
},
{
    "model": "auth.permission",
    "pk": 54,
    "fields": {
        "name": "Can change order",
        "content_type": 14,
        "codename": "change_order"
    }
},
{
    "model": "auth.permission",
    "pk": 55,
    "fields": {
        "name": "Can delete order",
        "content_type": 14,
        "codename": "delete_order"
    }
},
{
    "model": "auth.permission",
    "pk": 56,
    "fields": {
        "name": "Can view order",
        "content_type": 14,
        "codename": "view_order"
    }
},
{
    "model": "auth.permission",
    "pk": 57,
    "fields": {
        "name": "Can add category",
        "content_type": 15,
        "codename": "add_category"
    }
},
{
    "model": "auth.permission",
    "pk": 58,
    "fields": {
        "name": "Can change category",
        "content_type": 15,
        "codename": "change_category"
    }
},
{
    "model": "auth.permission",
    "pk": 59,
    "fields": {
        "name": "Can delete category",
        "content_type": 15,
        "codename": "delete_category"
    }
},
{
    "model": "auth.permission",
    "pk": 60,
    "fields": {
        "name": "Can view category",
        "content_type": 15,
        "codename": "view_category"
    }
},
{
    "model": "auth.permission",
    "pk": 61,
    "fields": {
        "name": "Can add toy",
        "content_type": 16,
        "codename": "add_toy"
    }
},
{
    "model": "auth.permission",
    "pk": 62,
    "fields": {
        "name": "Can change toy",
        "content_type": 16,
        "codename": "change_toy"
    }
},
{
    "model": "auth.permission",
    "pk": 63,
    "fields": {
        "name": "Can delete toy",
        "content_type": 16,
        "codename": "delete_toy"
    }
},
{
    "model": "auth.permission",
    "pk": 64,
    "fields": {
        "name": "Can view toy",
        "content_type": 16,
        "codename": "view_toy"
    }
},
{
    "model": "auth.permission",
    "pk": 65,
    "fields": {
        "name": "Can add cart",
        "content_type": 17,
        "codename": "add_cart"
    }
},
{
    "model": "auth.permission",
    "pk": 66,
    "fields": {
        "name": "Can change cart",
        "content_type": 17,
        "codename": "change_cart"
    }
},
{
    "model": "auth.permission",
    "pk": 67,
    "fields": {
        "name": "Can delete cart",
        "content_type": 17,
        "codename": "delete_cart"
    }
},
{
    "model": "auth.permission",
    "pk": 68,
    "fields": {
        "name": "Can view cart",
        "content_type": 17,
        "codename": "view_cart"
    }
},
{
    "model": "auth.permission",
    "pk": 69,
    "fields": {
        "name": "Can add cart item",
        "content_type": 18,
        "codename": "add_cartitem"
    }
},
{
    "model": "auth.permission",
    "pk": 70,
    "fields": {
        "name": "Can change cart item",
        "content_type": 18,
        "codename": "change_cartitem"
    }
},
{
    "model": "auth.permission",
    "pk": 71,
    "fields": {
        "name": "Can delete cart item",
        "content_type": 18,
        "codename": "delete_cartitem"
    }
},
{
    "model": "auth.permission",
    "pk": 72,
    "fields": {
        "name": "Can view cart item",
        "content_type": 18,
        "codename": "view_cartitem"
    }
},
{
    "model": "auth.permission",
    "pk": 73,
    "fields": {
        "name": "Can add wish list",
        "content_type": 19,
        "codename": "add_wishlist"
    }
},
{
    "model": "auth.permission",
    "pk": 74,
    "fields": {
        "name": "Can change wish list",
        "content_type": 19,
        "codename": "change_wishlist"
    }
},
{
    "model": "auth.permission",
    "pk": 75,
    "fields": {
        "name": "Can delete wish list",
        "content_type": 19,
        "codename": "delete_wishlist"
    }
},
{
    "model": "auth.permission",
    "pk": 76,
    "fields": {
        "name": "Can view wish list",
        "content_type": 19,
        "codename": "view_wishlist"
    }
},
{
    "model": "auth.permission",
    "pk": 77,
    "fields": {
        "name": "Can add wish list item",
        "content_type": 20,
        "codename": "add_wishlistitem"
    }
},
{
    "model": "auth.permission",
    "pk": 78,
    "fields": {
        "name": "Can change wish list item",
        "content_type": 20,
        "codename": "change_wishlistitem"
    }
},
{
    "model": "auth.permission",
    "pk": 79,
    "fields": {
        "name": "Can delete wish list item",
        "content_type": 20,
        "codename": "delete_wishlistitem"
    }
},
{
    "model": "auth.permission",
    "pk": 80,
    "fields": {
        "name": "Can view wish list item",
        "content_type": 20,
        "codename": "view_wishlistitem"
    }
}
]
