[
  {
    "model": "toys.category",
    "pk": 1,
    "fields": {
      "name": "Cars & Vehicles",
      "created_at": "2025-04-01T17:49:09.968640Z",
      "updated_at": "2025-04-01T17:49:09.968649Z"
    }
  },
  {
    "model": "toys.category",
    "pk": 2,
    "fields": {
      "name": "Dolls & Accessories",
      "created_at": "2025-04-01T17:49:09.968653Z",
      "updated_at": "2025-04-01T17:49:09.968655Z"
    }
  },
  {
    "model": "toys.category",
    "pk": 3,
    "fields": {
      "name": "Building Blocks",
      "created_at": "2025-04-01T17:49:09.968659Z",
      "updated_at": "2025-04-01T17:49:09.968661Z"
    }
  },
  {
    "model": "toys.category",
    "pk": 4,
    "fields": {
      "name": "Board Games",
      "created_at": "2025-04-01T17:49:09.968664Z",
      "updated_at": "2025-04-01T17:49:09.968667Z"
    }
  },
  {
    "model": "toys.category",
    "pk": 5,
    "fields": {
      "name": "Action Figures",
      "created_at": "2025-04-01T17:49:09.968670Z",
      "updated_at": "2025-04-01T17:49:09.968672Z"
    }
  },
  {
    "model": "toys.category",
    "pk": 6,
    "fields": {
      "name": "Stuffed Animals",
      "created_at": "2025-04-01T17:49:09.968675Z",
      "updated_at": "2025-04-01T17:49:09.968678Z"
    }
  },
  {
    "model": "toys.category",
    "pk": 7,
    "fields": {
      "name": "Educational Toys",
      "created_at": "2025-04-01T17:49:09.968681Z",
      "updated_at": "2025-04-01T17:49:09.968684Z"
    }
  },
  {
    "model": "toys.category",
    "pk": 8,
    "fields": {
      "name": "Outdoor Toys",
      "created_at": "2025-04-01T17:49:09.968688Z",
      "updated_at": "2025-04-01T17:49:09.968691Z"
    }
  },
  {
    "model": "toys.category",
    "pk": 9,
    "fields": {
      "name": "Electronic Toys",
      "created_at": "2025-04-01T17:49:09.968695Z",
      "updated_at": "2025-04-01T17:49:09.968711Z"
    }
  },
  {
    "model": "toys.category",
    "pk": 10,
    "fields": {
      "name": "Craft Supplies",
      "created_at": "2025-04-01T17:49:09.968713Z",
      "updated_at": "2025-04-01T17:49:09.968715Z"
    }
  },
  {
    "model": "customers.user",
    "pk": 1,
    "fields": {
      "username": "johnsmith",
      "first_name": "John",
      "last_name": "Smith",
      "email": "johnsmith@example.com",
      "password": "pbkdf2_sha256$260000$JpRSwvWoxxhWYuIRzcoFFi$mJ9+oDUBvI7UvODbEtb5L9tz5Uif2U9hylJmKNg6sVc=",
      "join_date": "2025-04-01T10:56:44.950534Z",
      "updated_at": "2025-04-01T17:49:09.950534Z",
      "is_active": true,
      "is_superuser": false,
      "is_staff": false
    }
  },
  {
    "model": "customers.user",
    "pk": 2,
    "fields": {
      "username": "emilyjones",
      "first_name": "Emily",
      "last_name": "Jones",
      "email": "emilyjones@example.com",
      "password": "pbkdf2_sha256$260000$JpRSwvWoxxhWYuIRzcoFFi$mJ9+oDUBvI7UvODbEtb5L9tz5Uif2U9hylJmKNg6sVc=",
      "join_date": "2025-04-01T10:56:44.950534Z",
      "updated_at": "2025-04-01T17:49:09.950534Z",
      "is_active": true,
      "is_superuser": false,
      "is_staff": false
    }
  },
  {
    "model": "customers.user",
    "pk": 3,
    "fields": {
      "username": "michaelbrown",
      "first_name": "Michael",
      "last_name": "Brown",
      "email": "michaelbrown@example.com",
      "password": "pbkdf2_sha256$260000$JpRSwvWoxxhWYuIRzcoFFi$mJ9+oDUBvI7UvODbEtb5L9tz5Uif2U9hylJmKNg6sVc=",
      "join_date": "2025-04-01T10:56:44.950534Z",
      "updated_at": "2025-04-01T17:49:09.950534Z",
      "is_active": true,
      "is_superuser": false,
      "is_staff": false
    }
  },
  {
    "model": "customers.user",
    "pk": 4,
    "fields": {
      "username": "sarahjohnson",
      "first_name": "Sarah",
      "last_name": "Johnson",
      "email": "sarahjohnson@example.com",
      "password": "pbkdf2_sha256$260000$JpRSwvWoxxhWYuIRzcoFFi$mJ9+oDUBvI7UvODbEtb5L9tz5Uif2U9hylJmKNg6sVc=",
      "join_date": "2025-04-01T10:56:44.950534Z",
      "updated_at": "2025-04-01T17:49:09.950534Z",
      "is_active": true,
      "is_superuser": false,
      "is_staff": false
    }
  },
  {
    "model": "customers.user",
    "pk": 5,
    "fields": {
      "username": "davidlee",
      "first_name": "David",
      "last_name": "Lee",
      "email": "davidlee@example.com",
      "password": "pbkdf2_sha256$260000$JpRSwvWoxxhWYuIRzcoFFi$mJ9+oDUBvI7UvODbEtb5L9tz5Uif2U9hylJmKNg6sVc=",
      "join_date": "2025-04-01T10:56:44.950534Z",
      "updated_at": "2025-04-01T17:49:09.950534Z",
      "is_active": true,
      "is_superuser": false,
      "is_staff": false
    }
  },
  {
    "model": "customers.user",
    "pk": 6,
    "fields": {
      "username": "laurawilson",
      "first_name": "Laura",
      "last_name": "Wilson",
      "email": "laurawilson@example.com",
      "password": "pbkdf2_sha256$260000$JpRSwvWoxxhWYuIRzcoFFi$mJ9+oDUBvI7UvODbEtb5L9tz5Uif2U9hylJmKNg6sVc=",
      "join_date": "2025-04-01T10:56:44.950534Z",
      "updated_at": "2025-04-01T17:49:09.950534Z",
      "is_active": true,
      "is_superuser": false,
      "is_staff": false
    }
  },
  {
    "model": "customers.user",
    "pk": 7,
    "fields": {
      "username": "chrismiller",
      "first_name": "Chris",
      "last_name": "Miller",
      "email": "chrismiller@example.com",
      "password": "pbkdf2_sha256$260000$JpRSwvWoxxhWYuIRzcoFFi$mJ9+oDUBvI7UvODbEtb5L9tz5Uif2U9hylJmKNg6sVc=",
      "join_date": "2025-04-01T10:56:44.950534Z",
      "updated_at": "2025-04-01T17:49:09.950534Z",
      "is_active": true,
      "is_superuser": false,
      "is_staff": false
    }
  },
  {
    "model": "customers.user",
    "pk": 8,
    "fields": {
      "username": "oliviaclark",
      "first_name": "Olivia",
      "last_name": "Clark",
      "email": "oliviaclark@example.com",
      "password": "pbkdf2_sha256$260000$JpRSwvWoxxhWYuIRzcoFFi$mJ9+oDUBvI7UvODbEtb5L9tz5Uif2U9hylJmKNg6sVc=",
      "join_date": "2025-04-01T10:56:44.950534Z",
      "updated_at": "2025-04-01T17:49:09.950534Z",
      "is_active": true,
      "is_superuser": false,
      "is_staff": false
    }
  },
  {
    "model": "customers.user",
    "pk": 9,
    "fields": {
      "username": "danielhall",
      "first_name": "Daniel",
      "last_name": "Hall",
      "email": "danielhall@example.com",
      "password": "pbkdf2_sha256$260000$JpRSwvWoxxhWYuIRzcoFFi$mJ9+oDUBvI7UvODbEtb5L9tz5Uif2U9hylJmKNg6sVc=",
      "join_date": "2025-04-01T10:56:44.950534Z",
      "updated_at": "2025-04-01T17:49:09.950534Z",
      "is_active": true,
      "is_superuser": false,
      "is_staff": false
    }
  },
  {
    "model": "customers.user",
    "pk": 10,
    "fields": {
      "username": "graceyoung",
      "first_name": "Grace",
      "last_name": "Young",
      "email": "graceyoung@example.com",
      "password": "pbkdf2_sha256$260000$JpRSwvWoxxhWYuIRzcoFFi$mJ9+oDUBvI7UvODbEtb5L9tz5Uif2U9hylJmKNg6sVc=",
      "join_date": "2025-04-01T10:56:44.950534Z",
      "updated_at": "2025-04-01T17:49:09.950534Z",
      "is_active": true,
      "is_superuser": false,
      "is_staff": false
    }
  },
  {
    "model": "toys.toy",
    "pk": 1,
    "fields": {
      "owner": 1,
      "name": "John's Toy",
      "description": "Understand traditional see build certain.",
      "price": 905.8,
      "stock": 11,
      "manufacturer": "Wilkinson, House and Carter",
      "created_at": "2025-04-01T17:49:09.970021Z",
      "updated_at": "2025-04-01T17:49:09.970028Z",
      "photo": null,
      "category": [
        7,
        8
      ]
    }
  },
  {
    "model": "toys.toy",
    "pk": 2,
    "fields": {
      "owner": 9,
      "name": "Daniel's Toy",
      "description": "Most usually prevent religious whatever.",
      "price": 602.8,
      "stock": 15,
      "manufacturer": "Wagner-Chavez",
      "created_at": "2025-04-01T17:49:09.970355Z",
      "updated_at": "2025-04-01T17:49:09.970358Z",
      "photo": null,
      "category": [
        3,
        7,
        10
      ]
    }
  },
  {
    "model": "toys.toy",
    "pk": 3,
    "fields": {
      "owner": 10,
      "name": "Grace's Toy",
      "description": "Enjoy southern pattern.",
      "price": 968.5,
      "stock": 15,
      "manufacturer": "Booth PLC",
      "created_at": "2025-04-01T17:49:09.970528Z",
      "updated_at": "2025-04-01T17:49:09.970530Z",
      "photo": null,
      "category": [
        1
      ]
    }
  },
  {
    "model": "toys.toy",
    "pk": 4,
    "fields": {
      "owner": 7,
      "name": "Chris's Toy",
      "description": "Control crime bit approach computer.",
      "price": 157.2,
      "stock": 6,
      "manufacturer": "Brady, Gomez and Smith",
      "created_at": "2025-04-01T17:49:09.970954Z",
      "updated_at": "2025-04-01T17:49:09.970959Z",
      "photo": null,
      "category": [
        10,
        1
      ]
    }
  },
  {
    "model": "toys.toy",
    "pk": 5,
    "fields": {
      "owner": 9,
      "name": "Daniel's Toy",
      "description": "Lot hit modern.",
      "price": 827.1,
      "stock": 8,
      "manufacturer": "Hensley, Gillespie and Bailey",
      "created_at": "2025-04-01T17:49:09.971365Z",
      "updated_at": "2025-04-01T17:49:09.971370Z",
      "photo": null,
      "category": [
        9,
        7
      ]
    }
  },
  {
    "model": "toys.toy",
    "pk": 6,
    "fields": {
      "owner": 6,
      "name": "Laura's Toy",
      "description": "Send send large.",
      "price": 108.7,
      "stock": 12,
      "manufacturer": "Goodman Ltd",
      "created_at": "2025-04-01T17:49:09.971555Z",
      "updated_at": "2025-04-01T17:49:09.971558Z",
      "photo": null,
      "category": [
        2
      ]
    }
  },
  {
    "model": "toys.toy",
    "pk": 7,
    "fields": {
      "owner": 5,
      "name": "David's Toy",
      "description": "Us as summer pretty if worry.",
      "price": 271.9,
      "stock": 12,
      "manufacturer": "Taylor, Smith and Cox",
      "created_at": "2025-04-01T17:49:09.971959Z",
      "updated_at": "2025-04-01T17:49:09.971963Z",
      "photo": null,
      "category": [
        7
      ]
    }
  },
  {
    "model": "toys.toy",
    "pk": 8,
    "fields": {
      "owner": 7,
      "name": "Chris's Toy",
      "description": "Help half much where civil ball speech that.",
      "price": 472.7,
      "stock": 14,
      "manufacturer": "Richards-Lopez",
      "created_at": "2025-04-01T17:49:09.972233Z",
      "updated_at": "2025-04-01T17:49:09.972236Z",
      "photo": null,
      "category": [
        9,
        2
      ]
    }
  },
  {
    "model": "toys.toy",
    "pk": 9,
    "fields": {
      "owner": 4,
      "name": "Sarah's Toy",
      "description": "Consider price rather thus explain one.",
      "price": 403.0,
      "stock": 13,
      "manufacturer": "Johnson, Casey and Jackson",
      "created_at": "2025-04-01T17:49:09.972635Z",
      "updated_at": "2025-04-01T17:49:09.972639Z",
      "photo": null,
      "category": [
        8,
        4
      ]
    }
  },
  {
    "model": "toys.toy",
    "pk": 10,
    "fields": {
      "owner": 8,
      "name": "Olivia's Toy",
      "description": "Board just major author eight often.",
      "price": 199.3,
      "stock": 2,
      "manufacturer": "Lucas-Oliver",
      "created_at": "2025-04-01T17:49:09.972918Z",
      "updated_at": "2025-04-01T17:49:09.972922Z",
      "photo": null,
      "category": [
        4,
        3,
        8
      ]
    }
  },
  {
    "model": "toys.toy",
    "pk": 11,
    "fields": {
      "owner": 4,
      "name": "Sarah's Toy",
      "description": "First push speak president set.",
      "price": 833.7,
      "stock": 10,
      "manufacturer": "Lang, Harris and Yates",
      "created_at": "2025-04-01T17:49:09.973298Z",
      "updated_at": "2025-04-01T17:49:09.973301Z",
      "photo": null,
      "category": [
        4,
        5,
        7
      ]
    }
  },
  {
    "model": "toys.toy",
    "pk": 12,
    "fields": {
      "owner": 1,
      "name": "John's Toy",
      "description": "Focus measure summer speak.",
      "price": 817.0,
      "stock": 8,
      "manufacturer": "Fernandez, Delacruz and Hanna",
      "created_at": "2025-04-01T17:49:09.973737Z",
      "updated_at": "2025-04-01T17:49:09.973742Z",
      "photo": null,
      "category": [
        3
      ]
    }
  },
  {
    "model": "toys.toy",
    "pk": 13,
    "fields": {
      "owner": 3,
      "name": "Michael's Toy",
      "description": "Both seven city nothing east.",
      "price": 755.4,
      "stock": 17,
      "manufacturer": "Valenzuela, Boyer and Holmes",
      "created_at": "2025-04-01T17:49:09.974139Z",
      "updated_at": "2025-04-01T17:49:09.974143Z",
      "photo": null,
      "category": [
        3,
        9
      ]
    }
  },
  {
    "model": "toys.toy",
    "pk": 14,
    "fields": {
      "owner": 3,
      "name": "Michael's Toy",
      "description": "Make expect nothing others I.",
      "price": 253.7,
      "stock": 12,
      "manufacturer": "Sharp Group",
      "created_at": "2025-04-01T17:49:09.974299Z",
      "updated_at": "2025-04-01T17:49:09.974302Z",
      "photo": null,
      "category": [
        4
      ]
    }
  },
  {
    "model": "toys.toy",
    "pk": 15,
    "fields": {
      "owner": 5,
      "name": "David's Toy",
      "description": "Talk article charge.",
      "price": 662.2,
      "stock": 15,
      "manufacturer": "Welch-Hunt",
      "created_at": "2025-04-01T17:49:09.974567Z",
      "updated_at": "2025-04-01T17:49:09.974571Z",
      "photo": null,
      "category": [
        5,
        1,
        2
      ]
    }
  },
  {
    "model": "toys.toy",
    "pk": 16,
    "fields": {
      "owner": 9,
      "name": "Daniel's Toy",
      "description": "Station sense perform do.",
      "price": 328.8,
      "stock": 13,
      "manufacturer": "Anderson Inc",
      "created_at": "2025-04-01T17:49:09.974742Z",
      "updated_at": "2025-04-01T17:49:09.974745Z",
      "photo": null,
      "category": [
        2,
        8
      ]
    }
  },
  {
    "model": "toys.toy",
    "pk": 17,
    "fields": {
      "owner": 7,
      "name": "Chris's Toy",
      "description": "Drive discover crime born cold successful.",
      "price": 638.9,
      "stock": 0,
      "manufacturer": "Burke-Schwartz",
      "created_at": "2025-04-01T17:49:09.975018Z",
      "updated_at": "2025-04-01T17:49:09.975022Z",
      "photo": null,
      "category": [
        10,
        4,
        6
      ]
    }
  },
  {
    "model": "toys.toy",
    "pk": 18,
    "fields": {
      "owner": 8,
      "name": "Olivia's Toy",
      "description": "Nation want they friend myself.",
      "price": 630.3,
      "stock": 4,
      "manufacturer": "Jensen-Johnson",
      "created_at": "2025-04-01T17:49:09.975314Z",
      "updated_at": "2025-04-01T17:49:09.975318Z",
      "photo": null,
      "category": [
        9
      ]
    }
  },
  {
    "model": "toys.toy",
    "pk": 19,
    "fields": {
      "owner": 6,
      "name": "Laura's Toy",
      "description": "Firm notice tell visit end now history.",
      "price": 779.0,
      "stock": 13,
      "manufacturer": "Padilla-Ford",
      "created_at": "2025-04-01T17:49:09.975583Z",
      "updated_at": "2025-04-01T17:49:09.975587Z",
      "photo": null,
      "category": [
        6,
        3,
        10
      ]
    }
  },
  {
    "model": "toys.toy",
    "pk": 20,
    "fields": {
      "owner": 9,
      "name": "Daniel's Toy",
      "description": "Weight carry turn member because under discuss tend.",
      "price": 232.3,
      "stock": 9,
      "manufacturer": "Berry, Houston and Li",
      "created_at": "2025-04-01T17:49:09.975961Z",
      "updated_at": "2025-04-01T17:49:09.975964Z",
      "photo": null,
      "category": [
        9,
        8,
        3
      ]
    }
  },
  {
    "model": "toys.toy",
    "pk": 21,
    "fields": {
      "owner": 5,
      "name": "David's Toy",
      "description": "Education west pattern view world manage run skill.",
      "price": 220.3,
      "stock": 1,
      "manufacturer": "Knight LLC",
      "created_at": "2025-04-01T17:49:09.976146Z",
      "updated_at": "2025-04-01T17:49:09.976150Z",
      "photo": null,
      "category": [
        7
      ]
    }
  },
  {
    "model": "toys.toy",
    "pk": 22,
    "fields": {
      "owner": 2,
      "name": "Emily's Toy",
      "description": "Staff amount trade continue.",
      "price": 689.5,
      "stock": 7,
      "manufacturer": "Turner, Banks and Cox",
      "created_at": "2025-04-01T17:49:09.976560Z",
      "updated_at": "2025-04-01T17:49:09.976565Z",
      "photo": null,
      "category": [
        4,
        3
      ]
    }
  },
  {
    "model": "toys.toy",
    "pk": 23,
    "fields": {
      "owner": 2,
      "name": "Emily's Toy",
      "description": "If enter worry.",
      "price": 583.1,
      "stock": 14,
      "manufacturer": "Martin Inc",
      "created_at": "2025-04-01T17:49:09.976745Z",
      "updated_at": "2025-04-01T17:49:09.976749Z",
      "photo": null,
      "category": [
        9,
        5
      ]
    }
  },
  {
    "model": "toys.toy",
    "pk": 24,
    "fields": {
      "owner": 3,
      "name": "Michael's Toy",
      "description": "Blue fine exactly force room he a necessary.",
      "price": 666.7,
      "stock": 20,
      "manufacturer": "Burch-Murphy",
      "created_at": "2025-04-01T17:49:09.977013Z",
      "updated_at": "2025-04-01T17:49:09.977016Z",
      "photo": null,
      "category": [
        2
      ]
    }
  },
  {
    "model": "toys.toy",
    "pk": 25,
    "fields": {
      "owner": 4,
      "name": "Sarah's Toy",
      "description": "In weight involve along like.",
      "price": 549.6,
      "stock": 5,
      "manufacturer": "Brady and Sons",
      "created_at": "2025-04-01T17:49:09.977191Z",
      "updated_at": "2025-04-01T17:49:09.977195Z",
      "photo": null,
      "category": [
        7,
        9
      ]
    }
  },
  {
    "model": "toys.toy",
    "pk": 26,
    "fields": {
      "owner": 10,
      "name": "Grace's Toy",
      "description": "Site result crime involve research.",
      "price": 856.3,
      "stock": 20,
      "manufacturer": "Murphy, Wilson and Hudson",
      "created_at": "2025-04-01T17:49:09.977684Z",
      "updated_at": "2025-04-01T17:49:09.977690Z",
      "photo": null,
      "category": [
        4
      ]
    }
  },
  {
    "model": "toys.toy",
    "pk": 27,
    "fields": {
      "owner": 1,
      "name": "John's Toy",
      "description": "Sense note also wait personal.",
      "price": 465.6,
      "stock": 7,
      "manufacturer": "Horton PLC",
      "created_at": "2025-04-01T17:49:09.977888Z",
      "updated_at": "2025-04-01T17:49:09.977892Z",
      "photo": null,
      "category": [
        2,
        8,
        6
      ]
    }
  },
  {
    "model": "toys.toy",
    "pk": 28,
    "fields": {
      "owner": 6,
      "name": "Laura's Toy",
      "description": "Person model only.",
      "price": 680.1,
      "stock": 16,
      "manufacturer": "Paul-Moore",
      "created_at": "2025-04-01T17:49:09.978140Z",
      "updated_at": "2025-04-01T17:49:09.978143Z",
      "photo": null,
      "category": [
        3,
        9
      ]
    }
  },
  {
    "model": "toys.toy",
    "pk": 29,
    "fields": {
      "owner": 4,
      "name": "Sarah's Toy",
      "description": "Them century model street example performance.",
      "price": 406.3,
      "stock": 17,
      "manufacturer": "Taylor, Hamilton and Green",
      "created_at": "2025-04-01T17:49:09.978615Z",
      "updated_at": "2025-04-01T17:49:09.978621Z",
      "photo": null,
      "category": [
        10,
        9,
        7
      ]
    }
  },
  {
    "model": "toys.toy",
    "pk": 30,
    "fields": {
      "owner": 7,
      "name": "Chris's Toy",
      "description": "Here consumer economic newspaper Mr clear executive.",
      "price": 473.4,
      "stock": 9,
      "manufacturer": "Thomas Inc",
      "created_at": "2025-04-01T17:49:09.978783Z",
      "updated_at": "2025-04-01T17:49:09.978786Z",
      "photo": null,
      "category": [
        10,
        2
      ]
    }
  }
]